record_id_1,record_id_2,same_person
REC0000132,REC0014588,0
REC0004667,REC0009549,0
REC0005603,REC0009615,0
REC0000516,REC0000517,1
REC0000046,REC0007358,0
REC0000221,REC0000223,1
REC0005818,REC0013471,0
REC0007971,REC0010095,0
REC0000617,REC0002781,0
REC0011544,REC0011545,1
REC0007074,REC0008031,0
REC0001147,REC0005006,0
REC0003193,REC0013656,0
REC0014958,REC0014959,1
REC0001184,REC0013355,0
REC0010769,REC0014506,0
REC0002794,REC0002795,1
REC0000212,REC0000213,1
REC0001644,REC0011114,0
REC0000839,REC0009807,0
REC0001425,REC0012828,0
REC0000753,REC0010474,0
REC0002096,REC0012082,0
REC0000824,REC0002070,0
REC0006036,REC0010640,0
REC0004016,REC0012615,0
REC0005981,REC0011667,0
REC0008222,REC0009671,0
REC0005107,REC0013826,0
REC0011551,REC0013773,0
REC0011412,REC0011413,1
REC0009777,REC0009778,1
REC0000125,REC0008654,0
REC0003427,REC0013962,0
REC0007403,REC0007404,1
REC0011944,REC0011945,1
REC0006096,REC0013345,0
REC0008177,REC0008178,1
REC0004863,REC0004864,1
REC0001182,REC0008115,0
REC0002977,REC0005668,0
REC0006966,REC0006967,1
REC0001603,REC0012851,0
REC0003760,REC0004048,0
REC0001363,REC0003083,0
REC0001476,REC0007066,0
REC0008081,REC0012392,0
REC0001186,REC0001187,1
REC0000474,REC0001845,0
REC0003988,REC0012109,0
REC0014200,REC0014201,1
REC0003341,REC0008100,0
REC0004591,REC0012604,0
REC0001130,REC0009448,0
REC0000566,REC0000567,1
REC0011688,REC0011689,1
REC0003515,REC0003516,1
REC0000256,REC0000647,0
REC0008330,REC0012176,0
REC0000717,REC0001590,0
REC0009240,REC0014439,0
REC0002188,REC0002189,1
REC0001384,REC0001386,1
REC0002211,REC0002213,1
REC0009257,REC0011669,0
REC0004202,REC0010089,0
REC0001152,REC0011327,0
REC0001297,REC0010473,0
REC0008081,REC0010659,0
REC0008788,REC0013700,0
REC0011045,REC0013031,0
REC0002197,REC0008151,0
REC0008102,REC0014775,0
REC0009776,REC0010996,0
REC0014768,REC0014769,1
REC0010450,REC0011937,0
REC0001007,REC0002946,0
REC0002988,REC0011097,0
REC0001671,REC0013945,0
REC0009674,REC0009675,1
REC0006592,REC0009173,0
REC0001109,REC0002385,0
REC0007380,REC0007381,1
REC0003236,REC0003237,1
REC0007493,REC0009347,0
REC0008324,REC0014384,0
REC0006088,REC0009285,0
REC0005989,REC0014391,0
REC0006671,REC0010095,0
REC0007400,REC0013929,0
REC0000941,REC0002661,0
REC0009873,REC0013649,0
REC0001680,REC0001681,1
REC0001437,REC0001439,1
REC0005410,REC0012812,0
REC0000763,REC0002706,0
REC0006444,REC0013982,0
REC0014184,REC0014186,1
REC0005985,REC0011613,0
REC0011656,REC0014189,0
REC0002563,REC0009471,0
REC0008471,REC0012425,0
REC0003503,REC0011847,0
REC0004467,REC0010012,0
REC0002685,REC0002686,1
REC0008975,REC0010691,0
REC0008118,REC0008119,1
REC0000196,REC0000198,1
REC0001565,REC0001567,1
REC0007022,REC0007023,1
REC0010542,REC0013188,0
REC0004265,REC0009320,0
REC0000471,REC0000472,1
REC0004137,REC0009187,0
REC0013635,REC0013636,1
REC0003379,REC0003380,1
REC0007763,REC0010746,0
REC0007602,REC0013005,0
REC0000809,REC0011834,0
REC0013626,REC0013627,1
REC0002137,REC0003325,0
REC0001810,REC0001811,1
REC0004204,REC0004205,1
REC0014192,REC0014193,1
REC0011873,REC0013534,0
REC0009555,REC0009556,1
REC0000191,REC0000192,1
REC0006358,REC0006359,1
REC0005097,REC0012364,0
REC0000139,REC0000140,1
REC0011665,REC0011666,1
REC0009271,REC0014195,0
REC0011459,REC0013101,0
REC0000930,REC0004104,0
REC0000515,REC0000517,1
REC0013765,REC0013766,1
REC0007985,REC0008113,0
REC0012198,REC0012199,1
REC0003551,REC0007651,0
REC0001637,REC0004611,0
REC0003372,REC0003373,1
REC0008274,REC0008275,1
REC0010492,REC0010493,1
REC0003122,REC0007004,0
REC0011016,REC0011525,0
REC0013837,REC0013838,1
REC0004382,REC0010493,0
REC0004458,REC0009799,0
REC0004495,REC0004647,0
REC0012026,REC0014571,0
REC0005773,REC0014095,0
REC0008502,REC0012256,0
REC0006714,REC0006715,1
REC0002284,REC0010546,0
REC0004673,REC0004674,1
REC0004631,REC0004632,1
REC0002228,REC0002229,1
REC0004988,REC0004989,1
REC0008773,REC0011453,0
REC0002862,REC0013333,0
REC0005954,REC0005955,1
REC0010592,REC0010593,1
REC0000735,REC0011919,0
REC0004714,REC0004715,1
REC0001548,REC0012436,0
REC0003708,REC0012565,0
REC0007615,REC0007719,0
REC0002320,REC0013900,0
REC0001530,REC0007627,0
REC0011030,REC0013313,0
REC0007684,REC0009780,0
REC0001125,REC0009550,0
REC0000238,REC0009776,0
REC0006932,REC0006934,1
REC0001070,REC0013578,0
REC0000698,REC0006251,0
REC0009201,REC0012359,0
REC0007212,REC0007214,1
REC0000296,REC0004963,0
REC0006937,REC0008865,0
REC0007755,REC0007756,1
REC0003499,REC0003500,1
REC0001781,REC0004766,0
REC0008576,REC0008577,1
REC0007785,REC0008823,0
REC0001168,REC0002988,0
REC0000748,REC0009011,0
REC0009110,REC0011991,0
REC0002993,REC0005660,0
REC0001882,REC0001883,1
REC0007711,REC0008186,0
REC0005155,REC0011732,0
REC0006405,REC0011543,0
REC0013148,REC0013149,1
REC0009604,REC0009605,1
REC0001209,REC0001210,1
REC0009121,REC0013683,0
REC0009644,REC0012772,0
REC0014436,REC0014437,1
REC0000412,REC0000413,1
REC0007051,REC0012450,0
REC0005791,REC0005793,1
REC0004724,REC0004725,1
REC0013811,REC0013812,1
REC0005681,REC0007406,0
REC0005033,REC0005034,1
REC0000461,REC0000462,1
REC0011494,REC0011495,1
REC0008657,REC0008658,1
REC0003362,REC0003363,1
REC0002255,REC0005541,0
REC0011624,REC0011626,1
REC0000376,REC0012424,0
REC0007230,REC0008104,0
REC0005368,REC0007533,0
REC0011143,REC0011144,1
REC0009564,REC0009565,1
REC0012412,REC0012413,1
REC0003028,REC0007601,0
REC0006864,REC0007106,0
REC0002617,REC0007170,0
REC0001164,REC0007746,0
REC0013345,REC0013346,1
REC0005001,REC0013222,0
REC0000599,REC0009141,0
REC0006060,REC0014116,0
REC0009971,REC0010855,0
REC0009149,REC0009150,1
REC0000058,REC0002362,0
REC0009910,REC0009911,1
REC0005305,REC0011330,0
REC0013390,REC0013391,1
REC0007358,REC0007359,1
REC0011089,REC0011090,1
REC0011404,REC0011405,1
REC0003974,REC0013173,0
REC0003477,REC0003478,1
REC0004327,REC0011691,0
REC0008650,REC0014911,0
REC0009509,REC0011800,0
REC0002137,REC0003103,0
REC0011415,REC0011854,0
REC0013171,REC0014431,0
REC0003750,REC0008565,0
REC0001915,REC0011919,0
REC0003357,REC0005946,0
REC0002218,REC0009238,0
REC0005908,REC0012931,0
REC0002904,REC0005191,0
REC0000526,REC0002360,0
REC0000240,REC0003171,0
REC0002076,REC0013729,0
REC0000473,REC0004630,0
REC0003652,REC0013573,0
REC0007004,REC0012618,0
REC0010144,REC0010145,1
REC0008488,REC0011442,0
REC0004099,REC0005944,0
REC0000454,REC0007290,0
REC0004872,REC0005639,0
REC0000442,REC0000443,1
REC0003770,REC0003771,1
REC0009117,REC0009118,1
REC0012689,REC0013754,0
REC0001152,REC0010723,0
REC0010894,REC0010895,1
REC0004659,REC0004660,1
REC0003185,REC0005992,0
REC0013713,REC0013714,1
REC0002721,REC0009489,0
REC0009603,REC0011055,0
REC0005001,REC0005002,1
REC0006853,REC0008255,0
REC0003476,REC0015007,0
REC0002105,REC0002106,1
REC0004673,REC0010208,0
REC0003587,REC0009611,0
REC0002120,REC0005068,0
REC0014219,REC0014220,1
REC0009044,REC0010663,0
REC0000524,REC0000525,1
REC0002571,REC0005247,0
REC0007880,REC0007881,1
REC0004857,REC0010313,0
REC0007733,REC0007734,1
REC0013097,REC0014365,0
REC0007804,REC0007805,1
REC0012198,REC0012200,1
REC0004107,REC0011921,0
REC0004278,REC0010199,0
REC0008485,REC0013621,0
REC0011207,REC0014535,0
REC0012336,REC0012926,0
REC0001124,REC0003927,0
REC0002293,REC0002294,1
REC0002506,REC0002508,1
REC0003103,REC0003104,1
REC0014553,REC0014555,1
REC0001165,REC0013853,0
REC0001069,REC0008167,0
REC0009630,REC0009631,1
REC0002736,REC0008973,0
REC0009273,REC0009274,1
REC0008881,REC0008882,1
REC0000807,REC0009838,0
REC0001404,REC0001405,1
REC0006523,REC0006524,1
REC0000388,REC0003783,0
REC0001438,REC0012383,0
REC0004204,REC0004206,1
REC0001838,REC0009724,0
REC0001770,REC0008748,0
REC0001857,REC0001978,0
REC0008871,REC0012008,0
REC0003198,REC0003199,1
REC0014648,REC0014649,1
REC0009492,REC0009493,1
REC0002778,REC0004095,0
REC0006307,REC0011186,0
REC0009105,REC0011637,0
REC0002632,REC0013176,0
REC0000928,REC0007675,0
REC0010782,REC0010783,1
REC0014873,REC0014874,1
REC0002362,REC0005436,0
REC0004548,REC0004549,1
REC0001366,REC0013739,0
REC0006079,REC0013112,0
REC0012960,REC0012961,1
REC0005407,REC0005575,0
REC0007627,REC0008792,0
REC0012093,REC0012795,0
REC0005946,REC0011384,0
REC0004473,REC0011486,0
REC0003608,REC0013948,0
REC0009853,REC0014834,0
REC0007565,REC0008421,0
REC0008269,REC0014838,0
REC0012652,REC0013021,0
REC0000092,REC0001788,0
REC0007273,REC0007274,1
REC0001367,REC0003954,0
REC0001086,REC0011702,0
REC0007661,REC0007662,1
REC0001908,REC0004538,0
REC0009123,REC0009124,1
REC0014439,REC0014440,1
REC0000223,REC0001811,0
REC0006513,REC0007700,0
REC0004318,REC0005750,0
REC0001734,REC0004678,0
REC0013275,REC0013277,1
REC0007953,REC0009537,0
REC0007000,REC0010541,0
REC0012905,REC0013851,0
REC0008265,REC0008527,0
REC0008128,REC0009101,0
REC0004685,REC0011765,0
REC0005199,REC0011618,0
REC0014131,REC0014132,1
REC0000447,REC0001469,0
REC0014118,REC0014120,1
REC0003603,REC0010821,0
REC0000343,REC0013733,0
REC0005164,REC0013017,0
REC0000257,REC0009176,0
REC0002672,REC0006344,0
REC0002477,REC0006957,0
REC0008203,REC0012669,0
REC0000093,REC0000094,1
REC0002944,REC0009791,0
REC0001836,REC0002442,0
REC0003645,REC0009704,0
REC0006421,REC0011692,0
REC0002968,REC0010532,0
REC0005859,REC0005860,1
REC0008648,REC0011492,0
REC0004511,REC0006445,0
REC0002734,REC0010878,0
REC0001494,REC0001495,1
REC0004040,REC0004625,0
REC0007711,REC0008916,0
REC0000489,REC0008833,0
REC0004239,REC0007179,0
REC0003981,REC0012548,0
REC0006725,REC0006726,1
REC0001235,REC0001236,1
REC0001804,REC0014320,0
REC0006752,REC0007931,0
REC0009577,REC0012295,0
REC0002962,REC0009730,0
REC0005104,REC0006588,0
REC0008408,REC0008410,1
REC0008672,REC0008673,1
REC0011573,REC0014644,0
REC0006199,REC0007086,0
REC0002491,REC0008282,0
REC0003534,REC0010995,0
REC0009408,REC0011827,0
REC0013807,REC0013808,1
REC0013255,REC0013256,1
REC0001602,REC0001603,1
REC0008982,REC0008983,1
REC0002363,REC0006276,0
REC0002399,REC0006511,0
REC0002292,REC0014263,0
REC0003815,REC0014539,0
REC0002846,REC0014484,0
REC0007136,REC0007680,0
REC0003393,REC0010493,0
REC0006982,REC0012333,0
REC0003174,REC0008008,0
REC0013921,REC0013922,1
REC0011228,REC0011229,1
REC0009154,REC0009155,1
REC0007999,REC0008000,1
REC0001080,REC0012535,0
REC0010584,REC0013962,0
REC0000808,REC0007280,0
REC0002110,REC0002111,1
REC0001369,REC0006253,0
REC0007618,REC0007635,0
REC0002385,REC0003327,0
REC0000494,REC0000495,1
REC0002594,REC0009879,0
REC0003899,REC0006825,0
REC0001384,REC0001385,1
REC0000382,REC0000384,1
REC0008345,REC0008346,1
REC0007949,REC0007950,1
REC0000370,REC0003352,0
REC0002471,REC0004774,0
REC0002388,REC0012908,0
REC0004791,REC0007915,0
REC0002184,REC0004848,0
REC0003656,REC0013283,0
REC0001049,REC0003686,0
REC0005028,REC0014537,0
REC0013083,REC0013084,1
REC0001520,REC0001521,1
REC0001252,REC0014705,0
REC0014605,REC0014607,1
REC0013424,REC0013425,1
REC0000226,REC0002189,0
REC0001414,REC0013186,0
REC0013185,REC0013186,1
REC0006770,REC0009411,0
REC0007254,REC0013390,0
REC0001464,REC0008606,0
REC0000018,REC0000019,1
REC0000423,REC0007669,0
REC0013160,REC0013161,1
REC0001812,REC0012011,0
REC0006950,REC0007597,0
REC0000291,REC0007829,0
REC0002450,REC0002451,1
REC0001344,REC0001345,1
REC0001878,REC0013945,0
REC0001151,REC0008853,0
REC0008266,REC0008528,0
REC0010430,REC0010431,1
REC0014517,REC0014811,0
REC0004026,REC0011339,0
REC0007023,REC0009584,0
REC0001291,REC0008381,0
REC0000401,REC0012905,0
REC0005154,REC0008679,0
REC0001542,REC0009793,0
REC0008100,REC0008993,0
REC0007395,REC0011329,0
REC0003640,REC0013253,0
REC0004137,REC0012370,0
REC0006759,REC0010986,0
REC0005248,REC0005249,1
REC0000637,REC0000639,1
REC0010053,REC0011348,0
REC0007574,REC0007575,1
REC0007142,REC0010048,0
REC0004146,REC0004148,1
REC0002715,REC0012923,0
REC0002830,REC0002831,1
REC0001709,REC0008836,0
REC0005892,REC0005893,1
REC0007212,REC0007213,1
REC0010052,REC0010053,1
REC0002680,REC0004873,0
REC0000483,REC0007522,0
REC0009617,REC0010133,0
REC0011768,REC0011769,1
REC0001242,REC0011561,0
REC0006776,REC0006777,1
REC0001703,REC0010341,0
REC0009331,REC0009768,0
REC0011636,REC0011943,0
REC0002558,REC0002559,1
REC0002938,REC0011641,0
REC0005267,REC0005424,0
REC0001939,REC0001940,1
REC0007087,REC0007088,1
REC0003709,REC0003711,1
REC0007716,REC0012407,0
REC0009042,REC0009043,1
REC0012888,REC0012889,1
REC0004226,REC0006640,0
REC0008391,REC0009980,0
REC0001724,REC0002875,0
REC0012323,REC0012324,1
REC0000644,REC0003615,0
REC0015005,REC0015006,1
REC0001477,REC0001478,1
REC0003234,REC0014228,0
REC0002680,REC0002681,1
REC0005217,REC0006793,0
REC0008060,REC0008061,1
REC0004864,REC0004865,1
REC0002919,REC0006970,0
REC0012601,REC0012830,0
REC0005649,REC0013575,0
REC0010353,REC0010354,1
REC0008437,REC0013803,0
REC0009770,REC0010671,0
REC0010016,REC0010017,1
REC0009362,REC0009363,1
REC0001595,REC0011238,0
REC0002871,REC0011352,0
REC0002385,REC0012132,0
REC0001870,REC0006701,0
REC0005193,REC0005195,1
REC0003730,REC0008978,0
REC0009968,REC0013914,0
REC0010308,REC0010309,1
REC0001989,REC0006554,0
REC0004991,REC0004993,1
REC0002844,REC0008980,0
REC0001256,REC0004797,0
REC0014351,REC0014352,1
REC0005292,REC0005293,1
REC0008046,REC0008047,1
REC0002401,REC0011343,0
REC0007452,REC0007453,1
REC0002064,REC0013447,0
REC0002952,REC0007726,0
REC0003481,REC0007126,0
REC0000418,REC0008248,0
REC0009517,REC0009518,1
REC0007796,REC0010339,0
REC0000681,REC0000682,1
REC0008372,REC0009868,0
REC0004319,REC0006776,0
REC0009439,REC0010190,0
REC0010534,REC0010535,1
REC0011359,REC0011360,1
REC0013015,REC0013016,1
REC0002920,REC0002921,1
REC0001431,REC0005158,0
REC0010860,REC0011565,0
REC0003200,REC0010559,0
REC0003860,REC0010627,0
REC0007369,REC0007370,1
REC0008212,REC0008213,1
REC0011113,REC0011114,1
REC0008517,REC0010243,0
REC0001140,REC0011659,0
REC0008212,REC0009407,0
REC0006168,REC0013188,0
REC0000022,REC0000592,0
REC0009360,REC0012976,0
REC0009413,REC0013204,0
REC0005432,REC0005434,1
REC0012249,REC0013068,0
REC0003543,REC0007961,0
REC0011913,REC0011983,0
REC0000008,REC0000009,1
REC0002099,REC0002362,0
REC0002342,REC0002343,1
REC0001526,REC0001527,1
REC0003415,REC0013679,0
REC0000397,REC0010047,0
REC0005155,REC0008925,0
REC0001963,REC0001965,1
REC0004481,REC0010285,0
REC0006517,REC0013850,0
REC0000423,REC0003825,0
REC0010842,REC0012799,0
REC0000562,REC0014445,0
REC0008407,REC0012808,0
REC0000615,REC0000616,1
REC0005508,REC0005875,0
REC0003204,REC0003205,1
REC0000038,REC0008703,0
REC0007000,REC0014689,0
REC0010708,REC0010709,1
REC0002885,REC0006036,0
REC0000612,REC0000854,0
REC0007101,REC0013596,0
REC0005693,REC0006459,0
REC0006029,REC0006030,1
REC0000145,REC0005656,0
REC0002566,REC0002567,1
REC0009838,REC0009839,1
REC0005679,REC0006659,0
REC0006602,REC0014125,0
REC0005160,REC0005161,1
REC0007636,REC0011110,0
REC0011086,REC0011087,1
REC0013789,REC0013790,1
REC0002171,REC0008434,0
REC0008691,REC0012985,0
REC0007175,REC0007176,1
REC0007062,REC0013657,0
REC0008158,REC0013911,0
REC0001046,REC0005176,0
REC0001237,REC0001239,1
REC0002239,REC0011756,0
REC0000061,REC0006900,0
REC0013843,REC0013844,1
REC0002544,REC0014585,0
REC0007294,REC0008654,0
REC0001597,REC0014280,0
REC0001873,REC0013007,0
REC0013167,REC0013168,1
REC0007784,REC0013381,0
REC0001412,REC0001413,1
REC0001624,REC0011362,0
REC0003550,REC0004190,0
REC0011054,REC0011055,1
REC0013275,REC0013276,1
REC0006991,REC0013072,0
REC0010387,REC0014553,0
REC0010221,REC0012658,0
REC0013793,REC0013794,1
REC0000508,REC0000509,1
REC0003237,REC0005241,0
REC0004445,REC0004446,1
REC0007233,REC0007234,1
REC0003682,REC0004853,0
REC0007731,REC0007732,1
REC0001778,REC0006618,0
REC0009574,REC0014502,0
REC0009963,REC0010170,0
REC0004109,REC0014324,0
REC0002082,REC0010233,0
REC0008693,REC0013382,0
REC0010914,REC0010915,1
REC0010551,REC0010552,1
REC0009050,REC0014542,0
REC0005153,REC0005210,0
REC0001251,REC0013681,0
REC0001568,REC0012922,0
REC0004563,REC0008503,0
REC0000686,REC0008871,0
REC0000048,REC0000049,1
REC0000643,REC0012302,0
REC0009287,REC0014660,0
REC0004002,REC0013407,0
REC0001657,REC0014471,0
REC0008076,REC0012984,0
REC0002447,REC0002448,1
REC0008497,REC0008498,1
REC0007908,REC0007910,1
REC0008571,REC0010652,0
REC0007588,REC0008747,0
REC0007990,REC0010801,0
REC0005563,REC0013995,0
REC0009646,REC0009648,1
REC0005741,REC0005742,1
REC0009703,REC0009704,1
REC0009030,REC0009031,1
REC0006325,REC0011048,0
REC0000986,REC0011868,0
REC0001219,REC0008038,0
REC0005001,REC0012326,0
REC0001524,REC0009805,0
REC0004053,REC0007764,0
REC0007394,REC0007395,1
REC0009271,REC0009937,0
REC0009802,REC0013732,0
REC0005176,REC0014734,0
REC0010035,REC0010036,1
REC0005588,REC0012648,0
REC0006469,REC0008375,0
REC0002978,REC0009237,0
REC0000212,REC0000214,1
REC0011816,REC0014580,0
REC0004608,REC0009914,0
REC0002991,REC0013584,0
REC0005915,REC0013644,0
REC0003050,REC0008378,0
REC0002671,REC0005992,0
REC0004054,REC0010154,0
REC0003376,REC0006532,0
REC0002507,REC0002508,1
REC0002834,REC0010898,0
REC0007816,REC0015012,0
REC0011779,REC0011780,1
REC0005314,REC0005315,1
REC0006415,REC0006416,1
REC0012959,REC0012960,1
REC0012157,REC0012159,1
REC0011667,REC0013412,0
REC0011435,REC0011436,1
REC0005262,REC0009661,0
REC0014176,REC0014177,1
REC0014536,REC0014742,0
REC0002570,REC0010741,0
REC0005656,REC0014693,0
REC0004961,REC0006633,0
REC0001768,REC0008349,0
REC0004554,REC0014622,0
REC0002737,REC0002739,1
REC0000264,REC0000265,1
REC0002771,REC0005424,0
REC0008724,REC0014856,0
REC0009622,REC0014733,0
REC0002537,REC0012913,0
REC0003909,REC0009289,0
REC0010444,REC0014533,0
REC0007313,REC0007805,0
REC0003291,REC0007254,0
REC0012295,REC0014010,0
REC0010226,REC0010228,1
REC0000020,REC0011181,0
REC0012861,REC0012863,1
REC0010028,REC0010029,1
REC0003680,REC0006797,0
REC0010069,REC0010070,1
REC0008938,REC0013307,0
REC0009619,REC0009633,0
REC0004088,REC0005614,0
REC0006398,REC0008175,0
REC0007903,REC0007904,1
REC0005462,REC0005464,1
REC0005568,REC0005569,1
REC0003498,REC0003500,1
REC0001078,REC0006679,0
REC0000430,REC0002805,0
REC0006240,REC0006241,1
REC0007244,REC0009621,0
REC0002102,REC0007949,0
REC0006731,REC0011336,0
REC0005564,REC0010903,0
REC0003383,REC0011291,0
REC0009635,REC0013483,0
REC0006163,REC0006164,1
REC0000237,REC0002144,0
REC0003038,REC0011175,0
REC0006266,REC0008477,0
REC0007498,REC0009798,0
REC0003687,REC0003689,1
REC0004848,REC0005097,0
REC0001620,REC0006628,0
REC0004023,REC0004024,1
REC0002291,REC0006313,0
REC0012106,REC0012107,1
REC0003799,REC0008140,0
REC0000964,REC0005239,0
REC0001153,REC0008633,0
REC0007939,REC0012300,0
REC0003224,REC0004632,0
REC0000624,REC0011248,0
REC0002549,REC0002551,1
REC0011046,REC0013503,0
REC0005145,REC0009152,0
REC0010969,REC0012845,0
REC0006178,REC0008217,0
REC0001498,REC0001499,1
REC0005951,REC0014700,0
REC0006638,REC0006639,1
REC0010272,REC0010273,1
REC0010522,REC0013937,0
REC0003719,REC0013154,0
REC0012924,REC0013871,0
REC0005457,REC0010833,0
REC0003593,REC0013721,0
REC0000126,REC0000128,1
REC0007786,REC0007787,1
REC0009560,REC0009561,1
REC0000015,REC0009774,0
REC0003816,REC0013583,0
REC0001634,REC0001635,1
REC0001968,REC0003866,0
REC0014806,REC0014807,1
REC0012157,REC0012158,1
REC0002077,REC0008698,0
REC0013154,REC0013364,0
REC0002375,REC0002819,0
REC0007308,REC0011775,0
REC0006942,REC0007994,0
REC0007443,REC0007444,1
REC0000008,REC0014789,0
REC0012628,REC0012893,0
REC0007715,REC0007716,1
REC0009679,REC0012593,0
REC0006995,REC0006996,1
REC0002511,REC0011451,0
REC0007656,REC0008995,0
REC0001133,REC0014499,0
REC0004209,REC0005562,0
REC0000645,REC0008388,0
REC0006019,REC0011177,0
REC0004126,REC0004128,1
REC0001738,REC0005473,0
REC0001088,REC0013069,0
REC0004986,REC0012728,0
REC0004580,REC0009051,0
REC0005890,REC0011619,0
REC0001977,REC0013307,0
REC0004687,REC0004688,1
REC0002967,REC0015000,0
REC0009755,REC0014162,0
REC0014184,REC0014185,1
REC0005156,REC0005157,1
REC0009412,REC0013991,0
REC0006935,REC0014349,0
REC0009970,REC0009972,1
REC0006696,REC0006697,1
REC0003458,REC0003459,1
REC0002468,REC0013498,0
REC0005766,REC0014939,0
REC0003810,REC0010373,0
REC0008746,REC0012934,0
REC0007072,REC0014320,0
REC0009074,REC0009075,1
REC0005185,REC0010014,0
REC0011097,REC0014463,0
REC0012175,REC0012176,1
REC0001159,REC0002450,0
REC0009761,REC0009762,1
REC0004456,REC0014202,0
REC0002238,REC0005570,0
REC0005674,REC0011423,0
REC0001323,REC0001324,1
REC0001526,REC0013441,0
REC0000189,REC0012423,0
REC0001483,REC0007433,0
REC0007028,REC0010572,0
REC0010625,REC0010626,1
REC0002074,REC0011177,0
REC0001187,REC0001681,0
REC0001203,REC0011371,0
REC0002807,REC0003681,0
REC0007088,REC0007089,1
REC0002416,REC0002417,1
REC0001348,REC0001349,1
REC0005325,REC0012165,0
REC0002028,REC0008379,0
REC0007506,REC0007507,1
REC0000823,REC0000824,1
REC0001241,REC0001242,1
REC0001468,REC0004368,0
REC0002772,REC0002984,0
REC0014978,REC0014980,1
REC0005479,REC0005480,1
REC0001410,REC0001411,1
REC0004711,REC0004712,1
REC0004619,REC0013132,0
REC0003416,REC0009380,0
REC0001145,REC0001146,1
REC0001186,REC0001188,1
REC0005394,REC0009840,0
REC0006815,REC0007781,0
REC0000277,REC0000278,1
REC0009717,REC0009890,0
REC0001532,REC0013674,0
REC0001647,REC0014778,0
REC0001930,REC0004695,0
REC0002872,REC0003560,0
REC0012427,REC0012428,1
REC0012441,REC0012442,1
REC0006283,REC0014337,0
REC0012016,REC0012017,1
REC0001838,REC0002213,0
REC0001410,REC0011373,0
REC0005915,REC0005916,1
REC0001181,REC0001182,1
REC0008781,REC0008782,1
REC0008592,REC0014220,0
REC0004799,REC0004800,1
REC0000890,REC0008111,0
REC0007557,REC0007558,1
REC0005491,REC0012707,0
REC0005187,REC0007750,0
REC0001351,REC0007991,0
REC0013620,REC0013622,1
REC0010839,REC0010841,1
REC0010270,REC0010271,1
REC0001680,REC0013466,0
REC0000284,REC0012825,0
REC0002713,REC0010158,0
REC0001910,REC0001911,1
REC0009846,REC0009847,1
REC0008354,REC0008355,1
REC0000397,REC0009496,0
REC0008243,REC0008836,0
REC0004275,REC0010972,0
REC0001496,REC0011378,0
REC0007733,REC0007935,0
REC0006318,REC0008355,0
REC0002972,REC0002973,1
REC0012990,REC0012991,1
REC0006112,REC0010145,0
REC0001979,REC0001980,1
REC0003546,REC0010297,0
REC0000153,REC0010761,0
REC0000773,REC0005741,0
REC0007242,REC0012500,0
REC0001431,REC0001432,1
REC0002034,REC0005296,0
REC0012039,REC0012802,0
REC0010784,REC0010785,1
REC0007681,REC0015012,0
REC0006483,REC0006485,1
REC0011329,REC0011366,0
REC0001623,REC0001624,1
REC0001803,REC0001804,1
REC0006789,REC0012900,0
REC0014058,REC0014059,1
REC0009667,REC0014762,0
REC0000318,REC0012566,0
REC0003722,REC0004987,0
REC0003397,REC0006190,0
REC0008688,REC0011717,0
REC0008601,REC0008602,1
REC0001521,REC0003777,0
REC0000002,REC0012580,0
REC0012893,REC0014885,0
REC0005107,REC0014996,0
REC0006730,REC0006731,1
REC0000667,REC0014088,0
REC0007419,REC0013522,0
REC0001258,REC0001259,1
REC0010990,REC0010991,1
REC0013711,REC0013712,1
REC0002125,REC0008008,0
REC0001814,REC0003348,0
REC0008722,REC0008723,1
REC0002339,REC0006800,0
REC0004540,REC0011436,0
REC0005634,REC0007114,0
REC0009864,REC0009956,0
REC0010788,REC0010789,1
REC0009139,REC0009866,0
REC0001835,REC0005416,0
REC0010279,REC0010280,1
REC0008391,REC0008963,0
REC0002814,REC0005138,0
REC0007878,REC0014101,0
REC0000875,REC0007312,0
REC0010231,REC0013021,0
REC0003731,REC0009430,0
REC0000098,REC0010231,0
REC0002875,REC0004741,0
REC0014243,REC0014244,1
REC0003935,REC0013293,0
REC0000245,REC0006860,0
REC0011663,REC0015011,0
REC0007510,REC0007511,1
REC0012089,REC0012091,1
REC0005061,REC0007239,0
REC0003036,REC0008464,0
REC0008355,REC0009849,0
REC0006855,REC0009860,0
REC0011098,REC0012081,0
REC0001666,REC0002889,0
REC0005022,REC0005023,1
REC0002216,REC0002217,1
REC0002071,REC0002982,0
REC0007536,REC0008672,0
REC0005141,REC0005142,1
REC0013929,REC0013930,1
REC0009195,REC0013667,0
REC0003985,REC0003986,1
REC0012976,REC0012977,1
REC0005187,REC0005188,1
REC0007205,REC0011967,0
REC0000352,REC0011742,0
REC0003299,REC0014122,0
REC0002055,REC0002056,1
REC0008239,REC0013366,0
REC0003772,REC0011241,0
REC0007124,REC0007125,1
REC0007747,REC0009396,0
REC0003030,REC0003670,0
REC0004153,REC0004154,1
REC0006520,REC0014087,0
REC0008761,REC0009296,0
REC0001340,REC0009165,0
REC0002490,REC0004859,0
REC0012882,REC0014509,0
REC0013500,REC0013501,1
REC0011954,REC0011955,1
REC0006019,REC0015007,0
REC0002515,REC0007438,0
REC0009786,REC0013081,0
REC0000999,REC0006390,0
REC0004760,REC0011249,0
REC0005383,REC0009402,0
REC0001069,REC0008040,0
REC0008449,REC0010480,0
REC0006107,REC0006108,1
REC0006397,REC0012870,0
REC0000122,REC0007764,0
REC0010270,REC0013656,0
REC0006972,REC0009640,0
REC0012218,REC0012219,1
REC0009228,REC0013458,0
REC0002689,REC0002690,1
REC0009183,REC0015010,0
REC0000939,REC0008199,0
REC0008851,REC0010530,0
REC0008241,REC0014263,0
REC0009870,REC0011370,0
REC0013707,REC0014014,0
REC0003895,REC0007669,0
REC0002902,REC0002903,1
REC0003438,REC0005546,0
REC0010698,REC0010699,1
REC0004100,REC0005593,0
REC0001828,REC0007918,0
REC0013051,REC0013052,1
REC0002523,REC0002524,1
REC0014119,REC0014120,1
REC0003094,REC0010618,0
REC0004174,REC0004175,1
REC0005417,REC0011077,0
REC0009691,REC0012998,0
REC0007861,REC0007862,1
REC0008270,REC0014410,0
REC0009484,REC0009591,0
REC0004279,REC0008455,0
REC0009990,REC0009991,1
REC0006719,REC0014290,0
REC0004417,REC0004418,1
REC0003056,REC0003057,1
REC0004255,REC0008455,0
REC0002987,REC0008944,0
REC0002555,REC0011670,0
REC0003170,REC0006486,0
REC0003937,REC0003938,1
REC0007045,REC0007616,0
REC0007158,REC0007159,1
REC0002856,REC0006905,0
REC0002567,REC0002568,1
REC0014282,REC0014283,1
REC0001890,REC0001891,1
REC0010463,REC0010465,1
REC0002426,REC0008910,0
REC0010228,REC0011004,0
REC0000063,REC0000064,1
REC0004818,REC0004819,1
REC0004826,REC0004827,1
REC0002323,REC0009376,0
REC0006232,REC0013433,0
REC0000461,REC0000463,1
REC0014787,REC0014788,1
REC0000558,REC0013844,0
REC0006188,REC0006190,1
REC0003715,REC0012435,0
REC0002850,REC0004949,0
REC0007781,REC0014112,0
REC0001352,REC0001353,1
REC0008190,REC0009190,0
REC0000966,REC0008923,0
REC0008517,REC0014844,0
REC0001293,REC0001974,0
REC0013006,REC0013008,1
REC0005736,REC0005738,1
REC0005462,REC0005463,1
REC0009173,REC0009175,1
REC0003038,REC0011805,0
REC0005389,REC0013307,0
REC0009649,REC0009651,1
REC0012641,REC0014928,0
REC0002559,REC0003716,0
REC0001038,REC0004267,0
REC0003821,REC0006392,0
REC0009862,REC0010184,0
REC0000924,REC0011407,0
REC0000044,REC0010966,0
REC0005186,REC0006971,0
REC0004253,REC0010782,0
REC0014605,REC0014606,1
REC0007816,REC0007817,1
REC0002334,REC0009997,0
REC0014003,REC0014004,1
REC0004387,REC0004537,0
REC0000639,REC0003867,0
REC0000761,REC0003561,0
REC0004856,REC0008792,0
REC0005301,REC0012062,0
REC0001171,REC0009898,0
REC0005461,REC0012512,0
REC0006659,REC0006660,1
REC0011728,REC0011729,1
REC0014394,REC0014395,1
REC0012783,REC0012784,1
REC0007952,REC0013614,0
REC0007249,REC0007250,1
REC0013151,REC0014847,0
REC0005976,REC0007682,0
REC0009712,REC0011742,0
REC0005969,REC0005970,1
REC0002514,REC0009544,0
REC0009042,REC0014014,0
REC0008095,REC0014394,0
REC0003036,REC0003037,1
REC0004093,REC0011167,0
REC0002803,REC0010330,0
REC0014179,REC0014180,1
REC0002344,REC0013298,0
REC0000385,REC0002631,0
REC0001074,REC0008268,0
REC0002104,REC0009407,0
REC0007250,REC0011198,0
REC0003071,REC0007787,0
REC0003269,REC0007359,0
REC0004372,REC0011357,0
REC0012311,REC0014030,0
REC0001110,REC0007901,0
REC0000733,REC0004677,0
REC0000172,REC0002309,0
REC0009016,REC0014257,0
REC0001232,REC0009497,0
REC0000210,REC0013164,0
REC0012552,REC0012553,1
REC0014758,REC0014759,1
REC0008302,REC0009085,0
REC0006255,REC0007790,0
REC0000232,REC0006199,0
REC0002588,REC0002589,1
REC0009522,REC0010988,0
REC0006612,REC0009588,0
REC0001711,REC0001712,1
REC0006541,REC0006542,1
REC0000485,REC0010440,0
REC0012434,REC0013086,0
REC0006076,REC0012622,0
REC0000467,REC0000468,1
REC0000926,REC0012586,0
REC0001852,REC0012391,0
REC0010417,REC0010418,1
REC0011804,REC0011805,1
REC0009545,REC0009546,1
REC0004453,REC0004910,0
REC0002839,REC0007998,0
REC0007490,REC0009602,0
REC0004864,REC0006158,0
REC0002870,REC0006551,0
REC0013204,REC0013205,1
REC0010346,REC0010347,1
REC0005353,REC0005354,1
REC0010108,REC0013610,0
REC0004737,REC0013290,0
REC0008436,REC0008437,1
REC0014443,REC0014444,1
REC0011226,REC0011227,1
REC0005162,REC0013704,0
REC0002821,REC0003763,0
REC0007735,REC0007736,1
REC0008191,REC0011086,0
REC0008751,REC0013897,0
REC0004388,REC0013058,0
REC0000111,REC0000112,1
REC0004622,REC0007527,0
REC0012946,REC0012947,1
REC0010105,REC0010816,0
REC0012066,REC0012067,1
REC0003765,REC0013711,0
REC0002868,REC0005870,0
REC0014333,REC0014334,1
REC0003723,REC0011573,0
REC0010133,REC0010134,1
REC0002585,REC0006737,0
REC0006274,REC0006275,1
REC0013609,REC0013610,1
REC0005362,REC0013622,0
REC0002335,REC0013545,0
REC0004952,REC0004953,1
REC0001022,REC0003008,0
REC0009277,REC0009278,1
REC0013048,REC0013049,1
REC0010199,REC0010200,1
REC0009247,REC0009248,1
REC0012655,REC0012656,1
REC0003381,REC0013003,0
REC0006580,REC0006581,1
REC0010091,REC0014788,0
REC0005427,REC0009281,0
REC0001978,REC0002776,0
REC0002673,REC0002674,1
REC0003305,REC0003537,0
REC0007992,REC0010907,0
REC0014672,REC0014673,1
REC0012526,REC0012527,1
REC0004506,REC0004507,1
REC0006342,REC0008115,0
REC0003899,REC0009547,0
REC0001868,REC0012403,0
REC0003253,REC0003254,1
REC0001049,REC0001050,1
REC0005831,REC0005832,1
REC0002700,REC0002701,1
REC0004979,REC0008297,0
REC0000246,REC0002091,0
REC0003323,REC0005637,0
REC0002198,REC0009843,0
REC0002779,REC0014096,0
REC0000687,REC0014977,0
REC0002404,REC0006696,0
REC0005683,REC0006776,0
REC0005280,REC0010056,0
REC0001545,REC0001546,1
REC0002028,REC0005963,0
REC0002757,REC0011529,0
REC0006792,REC0012004,0
REC0009813,REC0014639,0
REC0001118,REC0001119,1
REC0008013,REC0012501,0
REC0005567,REC0013544,0
REC0000528,REC0011123,0
REC0012052,REC0012120,0
REC0012051,REC0014231,0
REC0010880,REC0010882,1
REC0005640,REC0012185,0
REC0004500,REC0004995,0
REC0006084,REC0006085,1
REC0004416,REC0004417,1
REC0013806,REC0013808,1
REC0004762,REC0010795,0
REC0011043,REC0011045,1
REC0006944,REC0008264,0
REC0004790,REC0004791,1
REC0006078,REC0013874,0
REC0009018,REC0010009,0
REC0014812,REC0014813,1
REC0002939,REC0012236,0
REC0001682,REC0014875,0
REC0001237,REC0005473,0
REC0000723,REC0011947,0
REC0013694,REC0013695,1
REC0010123,REC0011573,0
REC0008482,REC0009529,0
REC0014712,REC0014713,1
REC0002257,REC0003253,0
REC0014364,REC0014827,0
REC0002115,REC0011795,0
REC0001009,REC0001010,1
REC0013219,REC0014259,0
REC0006869,REC0009711,0
REC0003333,REC0008020,0
REC0004483,REC0004484,1
REC0000351,REC0012714,0
REC0009496,REC0010048,0
REC0010381,REC0010382,1
REC0013336,REC0013338,1
REC0006386,REC0006387,1
REC0003923,REC0003924,1
REC0001070,REC0011895,0
REC0003388,REC0005054,0
REC0010238,REC0011342,0
REC0005053,REC0014173,0
REC0001086,REC0002408,0
REC0003800,REC0014198,0
REC0002519,REC0013323,0
REC0001284,REC0003337,0
REC0008206,REC0010574,0
REC0004343,REC0008211,0
REC0008069,REC0009542,0
REC0002145,REC0008010,0
REC0003696,REC0003697,1
REC0010077,REC0013439,0
REC0001854,REC0006029,0
REC0005133,REC0012605,0
REC0003097,REC0005376,0
REC0013788,REC0013789,1
REC0007185,REC0014104,0
REC0006120,REC0009227,0
REC0007774,REC0011297,0
REC0001917,REC0002225,0
REC0008193,REC0013365,0
REC0003279,REC0003280,1
REC0001913,REC0009326,0
REC0001520,REC0001522,1
REC0006477,REC0006836,0
REC0012811,REC0012812,1
REC0002968,REC0006839,0
REC0006241,REC0011399,0
REC0014034,REC0014036,1
REC0005402,REC0012283,0
REC0004075,REC0014542,0
REC0005716,REC0005717,1
REC0002266,REC0003123,0
REC0013566,REC0013567,1
REC0000387,REC0002569,0
REC0009488,REC0009489,1
REC0001863,REC0004478,0
REC0003366,REC0003367,1
REC0011741,REC0014913,0
REC0005342,REC0005343,1
REC0011024,REC0011025,1
REC0008793,REC0010087,0
REC0006832,REC0006833,1
REC0003912,REC0008269,0
REC0001774,REC0010977,0
REC0001486,REC0011630,0
REC0013779,REC0013780,1
REC0003085,REC0003086,1
REC0002211,REC0002212,1
REC0003193,REC0013460,0
REC0008698,REC0010336,0
REC0007589,REC0012523,0
REC0000590,REC0010351,0
REC0001468,REC0002048,0
REC0011408,REC0011409,1
REC0008206,REC0008794,0
REC0004559,REC0006070,0
REC0003598,REC0013781,0
REC0009821,REC0010244,0
REC0001140,REC0006003,0
REC0001779,REC0002857,0
REC0003094,REC0003095,1
REC0000174,REC0003628,0
REC0008216,REC0008778,0
REC0007449,REC0008069,0
REC0000235,REC0011916,0
REC0003098,REC0003099,1
REC0012972,REC0012973,1
REC0005427,REC0005428,1
REC0006150,REC0006151,1
REC0003794,REC0010379,0
REC0002080,REC0011911,0
REC0009057,REC0009058,1
REC0001339,REC0006545,0
REC0009968,REC0009969,1
REC0003853,REC0011226,0
REC0010394,REC0010720,0
REC0011251,REC0013503,0
REC0007213,REC0007214,1
REC0000988,REC0000990,1
REC0001404,REC0006218,0
REC0001455,REC0002377,0
REC0004380,REC0004381,1
REC0001440,REC0001441,1
REC0010822,REC0013038,0
REC0003832,REC0011153,0
REC0001496,REC0001497,1
REC0011206,REC0011207,1
REC0004378,REC0005713,0
REC0003917,REC0014903,0
REC0008117,REC0008118,1
REC0001075,REC0001076,1
REC0000272,REC0009391,0
REC0011376,REC0011377,1
REC0010191,REC0011402,0
REC0004526,REC0012095,0
REC0002526,REC0011024,0
REC0008231,REC0013158,0
REC0010235,REC0010236,1
REC0000201,REC0001898,0
REC0006930,REC0007101,0
REC0003818,REC0010559,0
REC0014548,REC0014550,1
REC0001541,REC0008361,0
REC0000276,REC0010565,0
REC0003447,REC0003448,1
REC0005974,REC0005975,1
REC0003764,REC0003765,1
REC0004997,REC0009845,0
REC0005497,REC0005498,1
REC0007528,REC0008364,0
REC0000568,REC0012623,0
REC0001217,REC0013185,0
REC0010305,REC0010373,0
REC0011230,REC0011231,1
REC0005327,REC0005328,1
REC0008465,REC0008467,1
REC0006950,REC0014883,0
REC0001780,REC0001781,1
REC0005796,REC0010742,0
REC0005264,REC0012934,0
REC0000625,REC0008267,0
REC0007146,REC0013937,0
REC0000954,REC0011018,0
REC0011804,REC0013907,0
REC0008074,REC0010521,0
REC0005608,REC0009452,0
REC0007983,REC0007984,1
REC0007100,REC0007101,1
REC0006904,REC0009975,0
REC0000704,REC0002621,0
REC0004811,REC0013975,0
REC0007631,REC0007632,1
REC0009246,REC0012865,0
REC0000383,REC0001388,0
REC0012549,REC0013565,0
REC0009724,REC0009725,1
REC0010562,REC0013670,0
REC0001984,REC0008115,0
REC0006997,REC0006998,1
REC0006020,REC0010771,0
REC0006772,REC0006773,1
REC0013170,REC0013171,1
REC0000678,REC0005497,0
REC0006634,REC0006635,1
REC0006911,REC0006912,1
REC0000257,REC0011656,0
REC0000745,REC0014682,0
REC0008035,REC0009556,0
REC0009576,REC0009577,1
REC0011399,REC0011400,1
REC0012885,REC0014314,0
REC0004347,REC0007238,0
REC0007684,REC0009932,0
REC0003268,REC0003269,1
REC0003092,REC0003093,1
REC0001633,REC0001634,1
REC0006798,REC0008270,0
REC0014062,REC0014202,0
REC0006085,REC0013424,0
REC0003837,REC0014762,0
REC0008403,REC0009172,0
REC0008011,REC0008012,1
REC0004540,REC0010683,0
REC0009134,REC0011843,0
REC0005079,REC0012440,0
REC0011279,REC0014530,0
REC0005996,REC0013986,0
REC0011225,REC0014856,0
REC0007717,REC0011351,0
REC0005734,REC0005735,1
REC0000418,REC0007464,0
REC0011880,REC0011881,1
REC0012403,REC0012404,1
REC0005874,REC0013241,0
REC0001004,REC0012519,0
REC0005596,REC0005597,1
REC0000218,REC0005892,0
REC0006480,REC0006481,1
REC0005869,REC0005870,1
REC0001575,REC0011883,0
REC0013286,REC0013447,0
REC0008208,REC0014547,0
REC0003495,REC0007052,0
REC0001840,REC0001842,1
REC0002820,REC0002821,1
REC0000656,REC0002808,0
REC0011025,REC0011104,0
REC0004269,REC0005300,0
REC0014454,REC0014455,1
REC0009188,REC0011054,0
REC0003766,REC0014566,0
REC0010996,REC0014004,0
REC0005218,REC0010406,0
REC0009528,REC0009529,1
REC0002619,REC0002620,1
REC0008772,REC0014861,0
REC0002425,REC0010808,0
REC0000268,REC0009061,0
REC0004385,REC0008005,0
REC0001699,REC0004500,0
REC0010604,REC0011217,0
REC0002383,REC0002384,1
REC0008754,REC0013609,0
REC0002212,REC0002213,1
REC0002130,REC0003380,0
REC0000743,REC0006375,0
REC0004193,REC0004194,1
REC0001552,REC0008511,0
REC0000165,REC0006587,0
REC0007289,REC0010519,0
REC0001999,REC0004281,0
REC0004015,REC0013444,0
REC0003156,REC0010164,0
REC0004902,REC0008590,0
REC0009141,REC0009425,0
REC0011265,REC0011266,1
REC0008483,REC0013485,0
REC0008045,REC0014472,0
REC0002477,REC0014492,0
REC0008065,REC0008066,1
REC0004807,REC0004808,1
REC0002235,REC0012841,0
REC0012453,REC0014958,0
REC0004490,REC0004491,1
REC0005207,REC0005208,1
REC0008381,REC0011098,0
REC0002994,REC0003689,0
REC0009437,REC0009438,1
REC0010210,REC0012511,0
REC0011277,REC0013200,0
REC0011178,REC0011179,1
REC0004038,REC0004040,1
REC0008462,REC0008647,0
REC0014190,REC0014887,0
REC0001714,REC0001715,1
REC0009297,REC0009298,1
REC0002018,REC0008503,0
REC0002944,REC0004039,0
REC0002931,REC0013991,0
REC0009722,REC0009723,1
REC0005650,REC0005651,1
REC0008966,REC0013899,0
REC0005064,REC0005065,1
REC0004865,REC0005154,0
REC0011696,REC0014671,0
REC0008699,REC0013227,0
REC0001480,REC0012281,0
REC0000594,REC0004599,0
REC0000314,REC0000315,1
REC0005158,REC0011480,0
REC0003635,REC0012399,0
REC0012276,REC0012277,1
REC0000573,REC0007667,0
REC0001578,REC0007047,0
REC0005831,REC0011899,0
REC0004449,REC0006203,0
REC0011364,REC0014271,0
REC0008688,REC0011388,0
REC0009540,REC0009542,1
REC0006978,REC0006979,1
REC0002926,REC0002927,1
REC0006451,REC0011260,0
REC0004693,REC0011900,0
REC0003538,REC0004175,0
REC0013029,REC0013805,0
REC0010891,REC0013601,0
REC0002371,REC0004681,0
REC0001942,REC0006352,0
REC0008393,REC0012048,0
REC0000197,REC0001290,0
REC0009644,REC0009645,1
REC0001846,REC0011365,0
REC0003748,REC0003749,1
REC0010436,REC0011326,0
REC0005424,REC0006917,0
REC0006798,REC0011385,0
REC0003283,REC0004980,0
REC0009359,REC0013951,0
REC0005772,REC0010337,0
REC0002699,REC0010326,0
REC0000103,REC0003085,0
REC0002319,REC0004449,0
REC0011391,REC0011392,1
REC0008726,REC0012182,0
REC0005586,REC0013214,0
REC0000469,REC0008098,0
REC0010159,REC0014125,0
REC0005294,REC0005296,1
REC0009922,REC0011843,0
REC0010507,REC0014079,0
REC0013030,REC0013031,1
REC0003356,REC0004121,0
REC0013561,REC0013845,0
REC0010505,REC0010506,1
REC0003825,REC0007399,0
REC0013982,REC0014195,0
REC0001093,REC0010081,0
REC0000575,REC0003533,0
REC0002647,REC0002648,1
REC0004944,REC0013476,0
REC0011787,REC0014208,0
REC0013702,REC0013703,1
REC0003403,REC0003404,1
REC0002083,REC0003391,0
REC0005793,REC0012155,0
REC0006075,REC0013872,0
REC0004986,REC0004987,1
REC0010357,REC0010358,1
REC0001452,REC0013365,0
REC0001985,REC0001986,1
REC0005022,REC0013200,0
REC0000293,REC0011212,0
REC0012136,REC0012618,0
REC0003117,REC0013354,0
REC0007770,REC0014845,0
REC0011410,REC0014030,0
REC0009902,REC0013310,0
REC0011517,REC0011518,1
REC0003612,REC0003781,0
REC0008140,REC0011669,0
REC0003603,REC0003604,1
REC0001593,REC0006478,0
REC0013349,REC0013350,1
REC0007937,REC0010466,0
REC0002194,REC0006817,0
REC0001744,REC0013672,0
REC0012819,REC0012820,1
REC0012655,REC0012674,0
REC0003260,REC0011804,0
REC0010783,REC0013772,0
REC0000117,REC0000118,1
REC0008400,REC0008401,1
REC0009048,REC0012200,0
REC0001169,REC0002419,0
REC0007543,REC0007544,1
REC0003082,REC0007477,0
REC0005636,REC0005637,1
REC0003387,REC0003617,0
REC0002564,REC0002565,1
REC0001156,REC0009290,0
REC0001031,REC0001032,1
REC0006558,REC0014292,0
REC0006708,REC0007198,0
REC0010488,REC0013706,0
REC0003712,REC0003713,1
REC0000635,REC0003752,0
REC0009470,REC0009951,0
REC0011874,REC0011996,0
REC0003584,REC0014716,0
REC0003893,REC0007812,0
REC0005966,REC0011871,0
REC0000464,REC0002157,0
REC0013607,REC0013712,0
REC0004341,REC0004342,1
REC0010561,REC0013505,0
REC0003194,REC0003195,1
REC0007703,REC0008963,0
REC0004425,REC0013234,0
REC0002307,REC0004931,0
REC0000673,REC0003111,0
REC0009032,REC0012260,0
REC0000121,REC0007562,0
REC0001253,REC0009010,0
REC0001129,REC0012263,0
REC0002000,REC0002001,1
REC0005368,REC0013687,0
REC0002511,REC0009711,0
REC0002839,REC0011399,0
REC0000781,REC0000782,1
REC0002356,REC0003600,0
REC0001807,REC0004518,0
REC0014067,REC0014068,1
REC0000900,REC0000901,1
REC0004352,REC0004353,1
REC0002944,REC0013355,0
REC0001021,REC0007030,0
REC0001750,REC0001751,1
REC0009802,REC0011059,0
REC0005186,REC0005910,0
REC0013985,REC0013986,1
REC0007359,REC0012146,0
REC0008656,REC0011951,0
REC0004677,REC0006636,0
REC0005480,REC0011834,0
REC0002489,REC0011857,0
REC0005441,REC0005442,1
REC0008772,REC0008773,1
REC0002569,REC0007242,0
REC0000314,REC0000316,1
REC0005033,REC0013602,0
REC0004826,REC0004828,1
REC0013657,REC0013658,1
REC0009253,REC0010319,0
REC0005787,REC0005788,1
REC0002305,REC0014630,0
REC0008783,REC0011109,0
REC0003138,REC0014917,0
REC0011483,REC0011484,1
REC0005031,REC0014628,0
REC0004088,REC0012991,0
REC0000042,REC0000776,0
REC0006826,REC0009194,0
REC0012511,REC0012513,1
REC0006869,REC0006870,1
REC0004378,REC0004379,1
REC0002424,REC0007528,0
REC0005738,REC0010968,0
REC0003128,REC0013307,0
REC0004556,REC0004664,0
REC0003278,REC0005813,0
REC0001950,REC0008512,0
REC0000730,REC0011834,0
REC0001109,REC0008397,0
REC0006634,REC0010207,0
REC0003518,REC0012230,0
REC0005217,REC0005218,1
REC0003412,REC0009934,0
REC0003800,REC0003801,1
REC0003540,REC0013621,0
REC0010208,REC0013040,0
REC0003083,REC0013443,0
REC0002241,REC0003740,0
REC0001717,REC0012716,0
REC0003917,REC0008077,0
REC0004335,REC0008590,0
REC0013193,REC0013672,0
REC0003813,REC0003814,1
REC0003684,REC0009630,0
REC0006047,REC0014485,0
REC0009463,REC0012375,0
REC0000988,REC0000989,1
REC0011776,REC0011777,1
REC0007625,REC0011552,0
REC0003490,REC0007442,0
REC0008476,REC0008477,1
REC0002136,REC0011009,0
REC0003483,REC0010194,0
REC0006267,REC0006268,1
REC0006173,REC0009531,0
REC0005695,REC0006099,0
REC0000334,REC0008743,0
REC0009132,REC0010286,0
REC0005338,REC0013157,0
REC0003020,REC0003021,1
REC0005997,REC0008001,0
REC0008433,REC0011000,0
REC0000621,REC0009329,0
REC0005754,REC0009762,0
REC0005736,REC0005737,1
REC0002996,REC0003687,0
REC0002965,REC0012902,0
REC0007578,REC0010692,0
REC0000434,REC0005283,0
REC0003955,REC0003956,1
REC0000075,REC0000076,1
REC0001690,REC0014260,0
REC0013404,REC0014241,0
REC0006797,REC0006798,1
REC0003210,REC0003211,1
REC0000775,REC0005149,0
REC0000085,REC0009675,0
REC0001954,REC0001955,1
REC0005561,REC0012587,0
REC0004009,REC0004010,1
REC0001554,REC0008787,0
REC0008214,REC0012755,0
REC0008827,REC0012695,0
REC0006091,REC0007824,0
REC0000213,REC0000214,1
REC0006439,REC0007007,0
REC0009121,REC0013493,0
REC0006636,REC0014522,0
REC0000920,REC0012825,0
REC0007089,REC0010163,0
REC0004065,REC0004066,1
REC0004948,REC0010229,0
REC0000157,REC0001876,0
REC0000696,REC0012152,0
REC0012891,REC0013352,0
REC0008645,REC0011779,0
REC0013660,REC0013661,1
REC0008024,REC0011492,0
REC0003227,REC0003228,1
REC0002317,REC0002318,1
REC0009832,REC0013948,0
REC0005314,REC0006956,0
REC0006103,REC0006105,1
REC0000180,REC0004589,0
REC0011060,REC0014248,0
REC0008207,REC0012680,0
REC0002739,REC0005664,0
REC0004082,REC0011339,0
REC0012452,REC0014134,0
REC0010902,REC0010903,1
REC0009007,REC0011889,0
REC0010523,REC0010619,0
REC0002378,REC0014210,0
REC0007353,REC0008852,0
REC0004755,REC0010853,0
REC0001764,REC0014188,0
REC0003185,REC0006325,0
REC0013216,REC0014694,0
REC0009647,REC0009648,1
REC0005202,REC0007002,0
REC0013640,REC0013641,1
REC0007996,REC0013864,0
REC0014978,REC0014979,1
REC0002329,REC0014305,0
REC0002198,REC0013274,0
REC0011516,REC0014963,0
REC0007539,REC0014101,0
REC0004945,REC0011924,0
REC0007324,REC0013066,0
REC0007772,REC0007773,1
REC0013578,REC0013580,1
REC0009777,REC0014809,0
REC0005747,REC0014532,0
REC0000481,REC0008326,0
REC0004725,REC0007283,0
REC0013558,REC0013560,1
REC0011830,REC0011831,1
REC0014705,REC0014706,1
REC0009170,REC0012098,0
REC0010895,REC0012610,0
REC0008218,REC0008219,1
REC0013386,REC0013387,1
REC0002032,REC0012340,0
REC0010349,REC0011994,0
REC0000862,REC0005267,0
REC0011703,REC0012088,0
REC0000348,REC0003892,0
REC0010088,REC0010089,1
REC0003403,REC0007924,0
REC0008106,REC0008107,1
REC0005896,REC0012336,0
REC0001996,REC0003559,0
REC0000833,REC0011790,0
REC0014913,REC0014914,1
REC0010146,REC0010147,1
REC0002462,REC0005829,0
REC0000798,REC0004715,0
REC0005853,REC0005854,1
REC0008256,REC0012666,0
REC0009360,REC0010274,0
REC0006551,REC0007458,0
REC0004690,REC0005155,0
REC0008037,REC0008038,1
REC0014131,REC0014133,1
REC0000150,REC0008793,0
REC0006555,REC0014279,0
REC0012348,REC0012349,1
REC0004488,REC0014258,0
REC0004004,REC0010737,0
REC0004964,REC0010096,0
REC0003633,REC0003634,1
REC0003668,REC0007659,0
REC0007986,REC0010174,0
REC0007690,REC0009771,0
REC0007596,REC0011540,0
REC0013139,REC0014680,0
REC0009045,REC0014023,0
REC0013871,REC0013872,1
REC0011222,REC0011223,1
REC0006761,REC0011033,0
REC0011682,REC0013674,0
REC0002837,REC0013698,0
REC0002102,REC0007046,0
REC0005209,REC0010855,0
REC0010240,REC0010241,1
REC0014435,REC0014437,1
REC0003378,REC0004133,0
REC0006557,REC0013357,0
REC0005242,REC0005243,1
REC0002031,REC0009431,0
REC0011805,REC0014819,0
REC0006471,REC0015003,0
REC0006234,REC0006236,1
REC0012929,REC0012930,1
REC0008021,REC0009766,0
REC0004153,REC0011375,0
REC0006761,REC0009278,0
REC0000454,REC0005267,0
REC0006883,REC0014097,0
REC0005007,REC0005008,1
REC0012105,REC0012107,1
REC0004555,REC0011785,0
REC0004263,REC0008077,0
REC0001190,REC0008796,0
REC0010523,REC0010524,1
REC0001796,REC0012019,0
REC0008821,REC0010749,0
REC0006614,REC0008611,0
REC0003092,REC0005100,0
REC0006362,REC0011900,0
REC0003140,REC0011449,0
REC0002592,REC0002593,1
REC0000948,REC0007961,0
REC0001316,REC0005567,0
REC0011283,REC0011284,1
REC0000201,REC0011122,0
REC0006549,REC0006550,1
REC0011256,REC0014324,0
REC0003394,REC0004923,0
REC0003817,REC0013069,0
REC0005920,REC0012196,0
REC0004084,REC0007228,0
REC0006218,REC0006219,1
REC0002154,REC0002155,1
REC0014959,REC0014960,1
REC0001328,REC0011128,0
REC0003358,REC0003359,1
REC0003653,REC0003654,1
REC0000283,REC0011917,0
REC0001580,REC0003070,0
REC0004431,REC0004433,1
REC0003190,REC0009936,0
REC0007630,REC0008472,0
REC0005143,REC0012630,0
REC0004551,REC0004552,1
REC0003107,REC0009571,0
REC0005998,REC0006065,0
REC0012468,REC0012469,1
REC0006802,REC0008642,0
REC0001388,REC0003687,0
REC0013579,REC0014475,0
REC0003253,REC0014892,0
REC0004888,REC0006267,0
REC0006837,REC0006838,1
REC0005331,REC0011971,0
REC0007670,REC0007672,1
REC0005437,REC0013110,0
REC0005874,REC0006700,0
REC0005666,REC0013282,0
REC0003174,REC0003175,1
REC0002532,REC0002724,0
REC0010529,REC0011071,0
REC0001077,REC0001729,0
REC0004903,REC0004904,1
REC0004295,REC0012383,0
REC0003510,REC0008416,0
REC0008022,REC0010101,0
REC0005004,REC0014452,0
REC0004339,REC0011253,0
REC0002668,REC0005925,0
REC0000200,REC0014893,0
REC0005718,REC0006154,0
REC0013611,REC0013612,1
REC0013457,REC0013458,1
REC0000734,REC0000735,1
REC0005180,REC0010768,0
REC0001883,REC0007382,0
REC0000742,REC0007502,0
REC0013246,REC0014178,0
REC0000556,REC0014188,0
REC0003676,REC0003678,1
REC0000035,REC0003152,0
REC0008735,REC0008737,1
REC0004219,REC0006644,0
REC0009035,REC0009036,1
REC0009962,REC0009963,1
REC0004413,REC0005900,0
REC0010148,REC0010150,1
REC0008244,REC0011112,0
REC0005539,REC0014718,0
REC0006406,REC0009448,0
REC0006072,REC0006073,1
REC0008600,REC0008601,1
REC0010922,REC0014292,0
REC0000646,REC0011632,0
REC0011294,REC0014223,0
REC0004093,REC0013354,0
REC0009491,REC0009493,1
REC0002374,REC0002375,1
REC0007778,REC0007779,1
REC0013532,REC0013819,0
REC0008156,REC0008157,1
REC0005480,REC0006547,0
REC0012021,REC0014705,0
REC0012574,REC0014177,0
REC0000106,REC0000108,1
REC0007911,REC0007912,1
REC0008451,REC0008452,1
REC0013634,REC0013636,1
REC0007317,REC0007318,1
REC0006468,REC0007030,0
REC0005908,REC0008702,0
REC0009568,REC0010060,0
REC0005957,REC0012300,0
REC0002293,REC0002295,1
REC0000630,REC0000631,1
REC0000439,REC0006714,0
REC0007820,REC0007924,0
REC0004172,REC0004173,1
REC0009222,REC0011300,0
REC0002290,REC0008981,0
REC0000196,REC0006332,0
REC0002460,REC0012048,0
REC0004756,REC0004757,1
REC0013868,REC0013870,1
REC0009702,REC0012253,0
REC0006932,REC0006933,1
REC0007436,REC0007437,1
REC0002373,REC0008999,0
REC0007933,REC0012869,0
REC0010868,REC0012742,0
REC0006128,REC0010116,0
REC0008060,REC0008829,0
REC0003839,REC0004645,0
REC0000821,REC0000822,1
REC0003048,REC0009334,0
REC0000429,REC0011115,0
REC0004786,REC0009201,0
REC0000206,REC0003676,0
REC0009606,REC0014780,0
REC0011346,REC0014916,0
REC0011349,REC0012408,0
REC0009348,REC0009710,0
REC0006671,REC0013253,0
REC0007060,REC0014627,0
REC0011839,REC0011840,1
REC0010618,REC0010619,1
REC0004549,REC0005868,0
REC0000985,REC0000986,1
REC0003929,REC0004095,0
REC0008582,REC0008583,1
REC0003163,REC0003164,1
REC0010030,REC0013584,0
REC0005231,REC0007410,0
REC0005652,REC0005653,1
REC0009076,REC0011844,0
REC0007535,REC0010086,0
REC0013943,REC0013944,1
REC0002303,REC0004715,0
REC0006220,REC0014594,0
REC0001857,REC0005268,0
REC0003019,REC0007233,0
REC0001108,REC0008594,0
REC0005602,REC0005603,1
REC0009310,REC0009311,1
REC0004656,REC0006423,0
REC0011474,REC0014947,0
REC0012748,REC0012749,1
REC0000661,REC0008323,0
REC0012719,REC0013829,0
REC0013934,REC0013935,1
REC0013563,REC0013564,1
REC0009570,REC0013190,0
REC0004266,REC0006924,0
REC0000899,REC0011697,0
REC0008928,REC0014612,0
REC0012747,REC0012748,1
REC0009491,REC0009492,1
REC0006321,REC0008960,0
REC0004675,REC0007803,0
REC0003075,REC0014142,0
REC0009024,REC0012317,0
REC0006074,REC0008469,0
REC0010840,REC0010841,1
REC0001931,REC0001932,1
REC0002949,REC0009428,0
REC0003135,REC0003136,1
REC0003565,REC0003566,1
REC0010107,REC0010108,1
REC0007621,REC0010282,0
REC0009108,REC0010722,0
REC0003567,REC0003568,1
REC0011783,REC0011784,1
REC0002787,REC0009339,0
REC0007402,REC0010213,0
REC0014852,REC0014853,1
REC0002307,REC0010278,0
REC0005465,REC0012447,0
REC0000441,REC0009032,0
REC0009856,REC0011909,0
REC0001528,REC0002331,0
REC0014951,REC0014952,1
REC0003752,REC0013440,0
REC0006512,REC0006513,1
REC0008031,REC0008032,1
REC0007712,REC0009886,0
REC0000104,REC0013736,0
REC0002847,REC0010048,0
REC0000368,REC0004611,0
REC0008998,REC0008999,1
REC0006136,REC0006137,1
REC0002964,REC0002965,1
REC0000415,REC0001744,0
REC0013437,REC0014638,0
REC0003098,REC0013804,0
REC0003576,REC0004392,0
REC0007681,REC0012748,0
REC0012298,REC0014342,0
REC0005841,REC0006135,0
REC0005199,REC0013965,0
REC0006180,REC0013934,0
REC0000263,REC0000265,1
REC0000176,REC0000177,1
REC0005747,REC0012566,0
REC0001975,REC0002988,0
REC0006461,REC0006462,1
REC0007418,REC0007419,1
REC0006176,REC0006177,1
REC0000559,REC0001150,0
REC0010846,REC0014394,0
REC0000819,REC0004585,0
REC0005552,REC0005913,0
REC0012171,REC0012172,1
REC0001852,REC0001853,1
REC0007676,REC0012024,0
REC0010496,REC0014963,0
REC0001675,REC0001676,1
REC0008683,REC0008684,1
REC0010884,REC0013533,0
REC0002052,REC0002053,1
REC0007155,REC0010162,0
REC0008989,REC0010998,0
REC0006435,REC0014796,0
REC0004542,REC0004543,1
REC0014426,REC0014427,1
REC0000316,REC0000479,0
REC0010913,REC0010914,1
REC0008083,REC0012914,0
REC0003569,REC0003570,1
REC0000637,REC0008202,0
REC0009347,REC0013913,0
REC0010303,REC0014163,0
REC0009260,REC0013188,0
REC0010686,REC0014220,0
REC0000535,REC0000537,1
REC0005484,REC0010364,0
REC0007800,REC0007801,1
REC0000310,REC0005147,0
REC0006378,REC0006379,1
REC0001434,REC0001435,1
REC0003726,REC0011499,0
REC0013596,REC0013598,1
REC0008600,REC0008602,1
REC0004182,REC0006817,0
REC0008592,REC0014831,0
REC0005704,REC0011096,0
REC0006300,REC0011134,0
REC0000974,REC0013990,0
REC0001272,REC0010839,0
REC0009228,REC0014475,0
REC0001709,REC0003507,0
REC0004527,REC0004528,1
REC0009253,REC0012768,0
REC0006530,REC0008897,0
REC0000480,REC0000481,1
REC0003540,REC0006283,0
REC0006393,REC0006394,1
REC0004252,REC0012594,0
REC0006825,REC0008972,0
REC0005401,REC0007058,0
REC0011416,REC0011417,1
REC0009776,REC0010946,0
REC0007638,REC0011590,0
REC0002297,REC0011314,0
REC0000593,REC0013506,0
REC0002128,REC0009681,0
REC0002532,REC0002945,0
REC0006165,REC0006166,1
REC0002321,REC0002323,1
REC0001466,REC0013913,0
REC0002087,REC0003527,0
REC0004000,REC0014316,0
REC0003337,REC0003338,1
REC0014070,REC0014071,1
REC0010486,REC0010667,0
REC0006096,REC0007223,0
REC0001366,REC0009735,0
REC0002015,REC0012726,0
REC0006532,REC0010597,0
REC0000910,REC0006134,0
REC0012505,REC0012506,1
REC0012444,REC0012445,1
REC0004691,REC0005743,0
REC0001041,REC0014429,0
REC0000168,REC0007711,0
REC0007177,REC0010875,0
REC0008142,REC0012746,0
REC0001419,REC0006355,0
REC0002583,REC0002585,1
REC0003034,REC0004137,0
REC0011525,REC0014884,0
REC0013388,REC0013389,1
REC0005597,REC0012948,0
REC0003228,REC0005566,0
REC0000599,REC0001083,0
REC0004505,REC0004506,1
REC0007421,REC0009726,0
REC0006904,REC0006905,1
REC0001847,REC0014952,0
REC0000697,REC0005618,0
REC0000854,REC0000855,1
REC0009521,REC0009522,1
REC0007598,REC0007599,1
REC0005999,REC0006000,1
REC0007852,REC0014362,0
REC0002374,REC0008882,0
REC0002655,REC0002656,1
REC0005421,REC0012288,0
REC0005045,REC0008119,0
REC0007130,REC0007131,1
REC0004741,REC0010857,0
REC0007209,REC0007210,1
REC0011544,REC0014246,0
REC0004005,REC0012527,0
REC0005267,REC0008369,0
REC0009338,REC0009339,1
REC0013568,REC0013569,1
REC0013739,REC0013740,1
REC0008082,REC0009799,0
REC0006651,REC0009659,0
REC0010901,REC0012665,0
REC0007726,REC0009049,0
REC0000566,REC0010623,0
REC0002201,REC0011800,0
REC0001787,REC0006697,0
REC0008581,REC0008583,1
REC0010394,REC0010833,0
REC0004119,REC0005413,0
REC0000302,REC0009653,0
REC0002230,REC0002824,0
REC0009244,REC0009245,1
REC0005902,REC0013478,0
REC0003809,REC0008265,0
REC0002713,REC0015009,0
REC0004893,REC0004894,1
REC0000278,REC0013266,0
REC0004950,REC0010824,0
REC0000819,REC0003821,0
REC0010848,REC0014124,0
REC0005761,REC0005762,1
REC0007133,REC0007134,1
REC0010977,REC0012997,0
REC0000159,REC0007036,0
REC0010094,REC0013382,0
REC0009089,REC0010073,0
REC0002781,REC0013065,0
REC0012018,REC0014118,0
REC0009519,REC0011890,0
REC0003151,REC0011187,0
REC0008154,REC0013923,0
REC0006911,REC0006913,1
REC0002592,REC0006395,0
REC0012308,REC0014126,0
REC0003011,REC0011908,0
REC0002359,REC0005191,0
REC0004539,REC0009387,0
REC0010170,REC0012492,0
REC0005891,REC0005893,1
REC0000263,REC0000264,1
REC0013393,REC0013395,1
REC0003314,REC0003315,1
REC0001783,REC0010058,0
REC0010839,REC0010840,1
REC0002058,REC0012628,0
REC0001831,REC0008932,0
REC0003700,REC0008467,0
REC0004778,REC0008020,0
REC0000765,REC0002925,0
REC0011822,REC0012642,0
REC0006572,REC0013422,0
REC0002105,REC0002294,0
REC0008741,REC0013789,0
REC0013998,REC0013999,1
REC0006017,REC0012131,0
REC0008074,REC0014497,0
REC0009430,REC0012211,0
REC0005504,REC0007274,0
REC0003008,REC0011271,0
REC0005092,REC0007586,0
REC0004843,REC0013823,0
REC0002882,REC0002884,1
REC0006052,REC0006954,0
REC0004569,REC0013488,0
REC0000078,REC0009404,0
REC0000665,REC0001163,0
REC0011128,REC0012334,0
REC0002925,REC0002927,1
REC0000013,REC0000457,0
REC0001415,REC0004712,0
REC0003946,REC0009716,0
REC0008759,REC0008760,1
REC0008224,REC0008225,1
REC0003355,REC0005512,0
REC0003153,REC0009898,0
REC0012925,REC0013067,0
REC0009876,REC0010618,0
REC0001692,REC0012979,0
REC0002151,REC0004868,0
REC0006011,REC0007077,0
REC0005541,REC0014287,0
REC0011444,REC0012040,0
REC0001803,REC0001805,1
REC0002620,REC0002621,1
REC0012512,REC0012513,1
REC0010196,REC0014992,0
REC0006235,REC0006236,1
REC0006943,REC0011441,0
REC0002844,REC0005408,0
REC0003671,REC0006785,0
REC0004133,REC0007921,0
REC0004762,REC0012514,0
REC0006188,REC0006189,1
REC0007771,REC0010813,0
REC0002590,REC0002591,1
REC0007677,REC0008434,0
REC0006601,REC0011553,0
REC0001604,REC0006975,0
REC0003158,REC0011213,0
REC0001172,REC0001173,1
REC0000847,REC0013079,0
REC0008884,REC0008885,1
REC0003640,REC0006810,0
REC0012338,REC0013247,0
REC0000949,REC0000950,1
REC0002107,REC0002109,1
REC0003260,REC0013329,0
REC0014853,REC0014854,1
REC0001959,REC0001960,1
REC0000636,REC0008116,0
REC0002339,REC0008352,0
REC0007819,REC0014068,0
REC0007674,REC0007676,1
REC0001358,REC0009373,0
REC0000364,REC0011985,0
REC0005839,REC0007235,0
REC0002620,REC0012303,0
REC0006062,REC0011071,0
REC0003181,REC0005270,0
REC0003728,REC0003729,1
REC0009415,REC0009416,1
REC0004099,REC0004100,1
REC0001698,REC0012436,0
REC0006297,REC0006298,1
REC0005575,REC0005576,1
REC0013866,REC0013867,1
REC0002264,REC0014522,0
REC0011462,REC0011463,1
REC0006232,REC0008649,0
REC0013655,REC0013656,1
REC0010351,REC0010352,1
REC0008991,REC0008992,1
REC0000025,REC0003324,0
REC0011322,REC0014630,0
REC0004368,REC0004369,1
REC0000737,REC0007643,0
REC0001536,REC0011154,0
REC0011981,REC0014593,0
REC0001465,REC0004805,0
REC0009575,REC0009577,1
REC0008753,REC0011947,0
REC0009248,REC0009249,1
REC0002085,REC0009265,0
REC0001066,REC0001067,1
REC0006196,REC0008081,0
REC0002547,REC0009209,0
REC0001987,REC0006405,0
REC0012410,REC0012411,1
REC0002701,REC0006409,0
REC0007255,REC0007859,0
REC0000979,REC0000980,1
REC0003025,REC0009173,0
REC0006021,REC0012392,0
REC0001319,REC0005405,0
REC0003022,REC0006991,0
REC0011298,REC0012631,0
REC0007721,REC0007722,1
REC0001937,REC0012612,0
REC0001502,REC0001503,1
REC0004935,REC0007741,0
REC0001294,REC0008946,0
REC0003488,REC0007370,0
REC0012701,REC0014181,0
REC0005362,REC0005363,1
REC0010028,REC0010271,0
REC0003338,REC0008538,0
REC0000383,REC0009627,0
REC0004145,REC0009738,0
REC0009501,REC0009502,1
REC0007489,REC0012633,0
REC0013302,REC0013303,1
REC0008093,REC0011180,0
REC0004410,REC0004411,1
REC0014111,REC0014113,1
REC0006792,REC0013602,0
REC0009201,REC0010780,0
REC0008617,REC0008618,1
REC0001531,REC0001532,1
REC0003518,REC0013103,0
REC0002638,REC0005006,0
REC0008635,REC0008636,1
REC0001551,REC0008712,0
REC0000500,REC0007732,0
REC0002420,REC0002421,1
REC0007034,REC0007035,1
REC0004182,REC0005500,0
REC0009757,REC0009758,1
REC0003179,REC0010476,0
REC0000574,REC0002375,0
REC0010030,REC0010031,1
REC0004832,REC0004833,1
REC0013770,REC0013772,1
REC0004189,REC0008010,0
REC0001862,REC0010612,0
REC0000501,REC0007782,0
REC0003585,REC0003587,1
REC0013092,REC0013253,0
REC0010229,REC0010230,1
REC0001640,REC0009070,0
REC0000417,REC0000418,1
REC0005761,REC0005763,1
REC0002425,REC0009840,0
REC0007204,REC0007205,1
REC0003621,REC0003622,1
REC0000599,REC0003507,0
REC0008900,REC0009213,0
REC0002291,REC0003538,0
REC0005867,REC0009579,0
REC0002379,REC0014534,0
REC0007353,REC0007354,1
REC0010749,REC0013593,0
REC0005656,REC0014049,0
REC0001688,REC0008120,0
REC0013181,REC0013209,0
REC0001742,REC0006051,0
REC0012234,REC0012834,0
REC0011145,REC0011146,1
REC0004151,REC0014809,0
REC0007517,REC0014455,0
REC0003321,REC0003322,1
REC0008185,REC0008240,0
REC0010697,REC0010698,1
REC0008858,REC0013072,0
REC0011680,REC0011681,1
REC0007889,REC0012983,0
REC0007031,REC0014669,0
REC0001919,REC0009224,0
REC0008493,REC0010392,0
REC0002999,REC0010048,0
REC0004938,REC0004940,1
REC0010097,REC0011904,0
REC0010034,REC0010036,1
REC0009700,REC0009701,1
REC0013283,REC0013284,1
REC0002854,REC0014390,0
REC0006512,REC0009757,0
REC0006580,REC0007126,0
REC0006985,REC0006986,1
REC0000834,REC0000835,1
REC0001293,REC0011079,0
REC0009356,REC0009357,1
REC0012685,REC0012686,1
REC0013866,REC0014038,0
REC0005965,REC0010983,0
REC0008972,REC0012751,0
REC0007710,REC0011881,0
REC0009965,REC0010192,0
REC0008211,REC0008213,1
REC0002397,REC0013939,0
REC0014831,REC0014832,1
REC0008895,REC0009070,0
REC0014526,REC0014528,1
REC0002690,REC0011367,0
REC0011362,REC0013821,0
REC0003636,REC0003637,1
REC0002686,REC0003225,0
REC0001984,REC0010266,0
REC0003022,REC0011707,0
REC0002671,REC0011679,0
REC0005756,REC0005879,0
REC0000329,REC0000331,1
REC0013296,REC0013298,1
REC0000587,REC0005230,0
REC0008290,REC0009827,0
REC0001548,REC0001549,1
REC0005965,REC0007316,0
REC0009415,REC0013996,0
REC0004014,REC0004982,0
REC0002436,REC0005335,0
REC0001210,REC0006414,0
REC0008742,REC0009263,0
REC0003686,REC0012425,0
REC0000300,REC0002254,0
REC0000450,REC0009956,0
REC0002041,REC0002042,1
REC0002234,REC0011359,0
REC0003714,REC0013048,0
REC0010373,REC0013774,0
REC0012420,REC0012421,1
REC0003760,REC0003761,1
REC0000059,REC0010676,0
REC0001586,REC0013951,0
REC0010031,REC0012837,0
REC0005307,REC0011530,0
REC0014451,REC0014452,1
REC0001361,REC0006857,0
REC0006365,REC0013364,0
REC0007191,REC0010821,0
REC0007957,REC0007958,0
REC0004810,REC0006956,0
REC0004669,REC0004670,1
REC0000366,REC0000903,0
REC0005302,REC0014419,0
REC0006042,REC0011546,0
REC0003071,REC0008797,0
REC0000663,REC0005383,0
REC0009864,REC0013763,0
REC0001769,REC0002111,0
REC0002586,REC0004319,0
REC0006197,REC0013343,0
REC0000374,REC0000375,1
REC0002293,REC0012435,0
REC0008777,REC0011695,0
REC0003993,REC0011739,0
REC0009867,REC0012151,0
REC0004777,REC0004778,1
REC0003475,REC0011632,0
REC0002018,REC0009948,0
REC0012202,REC0012204,1
REC0002883,REC0007172,0
REC0000565,REC0000567,1
REC0009071,REC0009072,1
REC0003228,REC0003456,0
REC0008532,REC0011880,0
REC0009139,REC0009140,1
REC0001671,REC0013782,0
REC0007463,REC0010112,0
REC0002479,REC0011355,0
REC0005315,REC0005316,1
REC0007877,REC0012903,0
REC0007093,REC0009810,0
REC0007101,REC0011466,0
REC0012776,REC0012777,1
REC0014449,REC0014450,1
REC0002168,REC0013621,0
REC0012297,REC0012298,1
REC0000653,REC0008055,0
REC0000850,REC0000851,1
REC0007320,REC0007321,1
REC0003894,REC0011449,0
REC0011800,REC0012179,0
REC0005979,REC0005980,1
REC0007674,REC0007675,1
REC0004907,REC0010211,0
REC0006933,REC0006945,0
REC0010213,REC0010214,1
REC0000439,REC0000440,1
REC0002685,REC0010043,0
REC0005805,REC0007480,0
REC0001758,REC0001759,1
REC0004470,REC0012355,0
REC0012368,REC0012369,1
REC0007254,REC0009432,0
REC0009330,REC0015023,0
REC0011044,REC0011045,1
REC0010375,REC0012111,0
REC0009970,REC0009971,1
REC0004449,REC0004450,1
REC0008181,REC0009841,0
REC0006194,REC0006195,1
REC0010941,REC0010942,1
REC0001606,REC0005343,0
REC0005217,REC0009999,0
REC0005568,REC0005570,1
REC0005369,REC0011359,0
REC0010918,REC0014874,0
REC0008877,REC0008878,1
REC0004566,REC0004567,1
REC0000452,REC0010663,0
REC0002834,REC0012110,0
REC0001267,REC0002730,0
REC0001081,REC0004986,0
REC0006661,REC0006662,1
REC0000603,REC0001362,0
REC0007718,REC0011061,0
REC0005734,REC0012981,0
REC0007474,REC0010788,0
REC0001969,REC0012384,0
REC0002937,REC0002938,1
REC0003426,REC0011897,0
REC0002302,REC0013448,0
REC0001696,REC0008887,0
REC0000503,REC0000504,1
REC0004146,REC0004147,1
REC0010635,REC0011027,0
REC0005200,REC0006008,0
REC0002940,REC0004873,0
REC0002041,REC0002776,0
REC0012097,REC0012098,1
REC0011803,REC0011805,1
REC0001186,REC0008138,0
REC0004577,REC0014941,0
REC0014035,REC0014036,1
REC0011293,REC0013342,0
REC0002424,REC0007455,0
REC0000312,REC0002230,0
REC0009235,REC0010107,0
REC0013401,REC0013402,1
REC0008691,REC0008692,1
REC0005351,REC0006854,0
REC0010341,REC0010342,1
REC0014508,REC0014946,0
REC0007317,REC0010974,0
REC0004632,REC0011041,0
REC0013092,REC0013094,1
REC0003903,REC0013126,0
REC0001729,REC0014424,0
REC0002272,REC0002273,1
REC0005381,REC0005382,1
REC0003455,REC0003456,1
REC0009047,REC0011778,0
REC0010280,REC0011632,0
REC0013742,REC0013743,1
REC0008323,REC0008324,1
REC0001667,REC0006691,0
REC0004542,REC0007878,0
REC0000276,REC0010801,0
REC0005344,REC0006898,0
REC0008925,REC0008926,1
REC0006958,REC0008297,0
REC0010162,REC0011437,0
REC0004103,REC0007136,0
REC0003657,REC0005300,0
REC0002506,REC0012660,0
REC0011121,REC0011122,1
REC0001307,REC0013992,0
REC0013621,REC0013622,1
REC0006197,REC0014725,0
REC0006096,REC0006097,1
REC0002418,REC0012998,0
REC0009200,REC0010526,0
REC0005158,REC0012832,0
REC0004496,REC0004498,1
REC0003429,REC0005583,0
REC0008252,REC0014036,0
REC0001201,REC0001202,1
REC0002052,REC0008918,0
REC0005042,REC0012157,0
REC0010243,REC0014882,0
REC0002783,REC0014333,0
REC0009366,REC0009367,1
REC0007054,REC0012450,0
REC0002198,REC0002199,1
REC0007268,REC0013686,0
REC0002535,REC0006696,0
REC0005850,REC0005851,1
REC0000124,REC0012475,0
REC0001278,REC0011566,0
REC0010128,REC0010129,1
REC0002259,REC0013504,0
REC0001609,REC0001611,1
REC0001624,REC0010306,0
REC0003430,REC0013820,0
REC0008995,REC0008997,1
REC0005265,REC0009688,0
REC0003073,REC0011031,0
REC0002709,REC0009528,0
REC0014111,REC0014112,1
REC0007368,REC0014505,0
REC0005096,REC0008702,0
REC0004348,REC0004349,1
REC0000152,REC0009935,0
REC0001177,REC0001708,0
REC0005143,REC0005144,1
REC0002379,REC0002380,1
REC0003262,REC0003263,1
REC0008733,REC0014420,0
REC0004482,REC0009350,0
REC0000740,REC0003188,0
REC0008276,REC0010867,0
REC0005457,REC0010907,0
REC0005545,REC0008138,0
REC0001627,REC0002850,0
REC0000754,REC0005572,0
REC0000177,REC0003222,0
REC0000118,REC0000265,0
REC0013044,REC0013045,1
REC0000632,REC0004951,0
REC0008622,REC0014011,0
REC0008241,REC0013371,0
REC0003001,REC0003002,1
REC0011458,REC0011459,1
REC0001099,REC0006040,0
REC0004265,REC0004266,1
REC0002413,REC0002872,0
REC0000408,REC0000409,1
REC0005679,REC0013231,0
REC0009222,REC0010251,0
REC0000230,REC0002506,0
REC0005910,REC0011303,0
REC0000583,REC0003058,0
REC0001861,REC0009955,0
REC0003103,REC0011305,0
REC0001685,REC0009584,0
REC0009627,REC0009628,1
REC0006304,REC0012727,0
REC0010222,REC0010223,1
REC0001903,REC0001905,1
REC0004387,REC0004976,0
REC0008785,REC0014453,0
REC0000746,REC0007215,0
REC0000750,REC0014868,0
REC0014112,REC0014113,1
REC0007618,REC0007619,1
REC0011426,REC0011427,1
REC0000344,REC0000345,1
REC0005099,REC0005100,1
REC0000266,REC0000267,1
REC0004531,REC0004532,1
REC0000607,REC0005722,0
REC0003800,REC0003802,1
REC0011962,REC0011963,1
REC0002416,REC0007589,0
REC0010955,REC0010956,1
REC0006331,REC0013301,0
REC0006454,REC0006455,1
REC0000989,REC0002714,0
REC0013575,REC0013576,1
REC0010956,REC0010957,1
REC0002613,REC0007714,0
REC0001070,REC0001071,1
REC0005755,REC0005756,1
REC0000237,REC0000238,1
REC0003450,REC0003451,1
REC0010048,REC0011482,0
REC0010652,REC0011486,0
REC0007729,REC0007730,1
REC0013596,REC0013597,1
REC0002509,REC0002511,1
REC0007299,REC0009062,0
REC0008471,REC0009658,0
REC0007794,REC0011219,0
REC0013634,REC0013635,1
REC0006596,REC0006597,1
REC0014159,REC0014825,0
REC0003825,REC0008907,0
REC0000325,REC0000326,1
REC0005881,REC0007671,0
REC0003516,REC0006103,0
REC0000894,REC0013342,0
REC0001751,REC0001752,1
REC0001491,REC0001492,1
REC0009342,REC0009343,1
REC0001584,REC0003343,0
REC0000804,REC0000805,1
REC0005835,REC0007399,0
REC0003577,REC0013113,0
REC0004620,REC0012259,0
REC0001538,REC0004149,0
REC0004978,REC0013271,0
REC0005797,REC0005799,1
REC0010792,REC0013114,0
REC0007382,REC0007383,1
REC0006951,REC0010190,0
REC0003330,REC0003331,1
REC0011389,REC0012766,0
REC0003058,REC0003059,1
REC0001277,REC0005100,0
REC0011661,REC0012305,0
REC0001040,REC0005054,0
REC0010206,REC0013344,0
REC0005575,REC0010428,0
REC0001315,REC0012675,0
REC0008214,REC0008215,1
REC0012086,REC0013570,0
REC0003353,REC0014316,0
REC0005902,REC0011682,0
REC0007983,REC0011413,0
REC0005031,REC0006014,0
REC0012894,REC0014858,0
REC0002058,REC0010476,0
REC0013747,REC0013748,1
REC0004386,REC0010416,0
REC0003917,REC0014897,0
REC0010119,REC0010120,1
REC0003644,REC0003645,1
REC0012209,REC0013280,0
REC0000488,REC0010102,0
REC0001858,REC0001859,1
REC0009248,REC0011035,0
REC0000945,REC0005683,0
REC0007503,REC0008281,0
REC0013419,REC0013420,1
REC0000609,REC0001435,0
REC0005203,REC0005204,1
REC0003826,REC0004614,0
REC0002205,REC0003665,0
REC0012629,REC0012630,1
REC0005624,REC0008961,0
REC0008200,REC0009179,0
REC0012319,REC0012320,1
REC0009745,REC0010503,0
REC0001864,REC0001865,1
REC0000615,REC0011678,0
REC0005778,REC0009992,0
REC0003259,REC0007585,0
REC0000511,REC0000512,1
REC0007615,REC0013684,0
REC0007374,REC0007375,1
REC0006780,REC0006781,1
REC0002107,REC0007256,0
REC0009650,REC0012497,0
REC0007537,REC0012545,0
REC0006819,REC0007539,0
REC0006293,REC0006294,1
REC0000996,REC0000997,1
REC0000809,REC0004369,0
REC0014929,REC0014930,1
REC0005003,REC0014769,0
REC0007493,REC0010324,0
REC0006189,REC0006190,1
REC0014359,REC0014360,1
REC0004897,REC0008073,0
REC0000862,REC0000863,1
REC0010826,REC0011043,0
REC0005096,REC0010490,0
REC0010985,REC0010986,1
REC0001867,REC0004825,0
REC0012890,REC0012892,1
REC0006465,REC0010647,0
REC0004045,REC0006075,0
REC0003512,REC0003656,0
REC0006803,REC0006907,0
REC0001308,REC0009470,0
REC0000356,REC0000357,1
REC0002344,REC0002345,1
REC0005273,REC0005274,1
REC0013754,REC0013755,1
REC0000466,REC0012022,0
REC0004482,REC0010331,0
REC0004518,REC0009407,0
REC0005053,REC0014529,0
REC0011490,REC0012435,0
REC0011217,REC0013004,0
REC0007084,REC0007170,0
REC0000989,REC0006725,0
REC0003794,REC0003795,1
REC0000531,REC0009973,0
REC0000944,REC0000945,1
REC0011826,REC0013417,0
REC0000096,REC0003310,0
REC0003202,REC0006591,0
REC0011606,REC0011607,1
REC0005340,REC0010675,0
REC0000505,REC0012569,0
REC0006997,REC0010802,0
REC0006125,REC0007227,0
REC0002264,REC0004674,0
REC0003059,REC0014553,0
REC0004362,REC0008101,0
REC0000456,REC0003606,0
REC0012285,REC0012286,1
REC0006072,REC0009954,0
REC0004895,REC0005667,0
REC0014094,REC0014095,1
REC0014986,REC0014987,1
REC0003308,REC0013959,0
REC0002131,REC0011379,0
REC0012101,REC0012102,1
REC0002153,REC0003357,0
REC0005114,REC0007905,0
REC0003222,REC0005583,0
REC0008595,REC0012904,0
REC0001011,REC0001012,1
REC0000203,REC0006979,0
REC0002568,REC0004812,0
REC0003962,REC0014608,0
REC0011498,REC0011499,1
REC0006556,REC0008981,0
REC0005425,REC0005426,1
REC0001821,REC0001822,1
REC0001362,REC0005805,0
REC0009252,REC0009253,1
REC0003230,REC0013546,0
REC0001296,REC0014751,0
REC0000080,REC0011555,0
REC0007037,REC0008894,0
REC0005086,REC0005087,1
REC0001191,REC0001192,1
REC0001809,REC0001811,1
REC0000617,REC0009571,0
REC0001142,REC0001147,0
REC0004520,REC0014133,0
REC0003358,REC0003360,1
REC0006031,REC0006033,1
REC0002827,REC0002828,1
REC0005254,REC0005255,1
REC0010881,REC0010882,1
REC0013788,REC0013790,1
REC0006949,REC0007597,0
REC0010303,REC0013521,0
REC0013651,REC0013652,1
REC0012792,REC0012793,1
REC0002105,REC0013093,0
REC0001476,REC0001477,1
REC0006840,REC0008651,0
REC0000262,REC0005542,0
REC0002560,REC0009450,0
REC0009266,REC0009267,1
REC0002979,REC0011293,0
REC0000604,REC0002250,0
REC0014839,REC0014840,1
REC0002748,REC0011246,0
REC0010703,REC0014143,0
REC0005578,REC0005579,1
REC0010776,REC0012127,0
REC0011870,REC0011871,1
REC0014840,REC0014841,1
REC0001929,REC0007533,0
REC0001808,REC0002067,0
REC0009653,REC0012754,0
REC0006137,REC0007330,0
REC0012011,REC0012012,1
REC0007779,REC0007864,0
REC0005586,REC0005587,1
REC0001907,REC0004963,0
REC0005928,REC0005929,1
REC0006264,REC0006265,1
REC0006194,REC0012123,0
REC0002220,REC0014524,0
REC0000303,REC0000304,1
REC0001455,REC0006986,0
REC0005339,REC0006867,0
REC0013233,REC0014841,0
REC0008243,REC0008244,1
REC0002922,REC0005791,0
REC0004730,REC0013089,0
REC0002895,REC0010131,0
REC0013029,REC0013030,1
REC0007795,REC0007796,1
REC0000891,REC0007302,0
REC0005243,REC0012340,0
REC0011293,REC0012938,0
REC0008328,REC0014474,0
REC0003231,REC0003232,1
REC0004931,REC0014419,0
REC0007241,REC0007242,1
REC0002256,REC0002257,1
REC0007580,REC0010253,0
REC0007454,REC0012480,0
REC0008462,REC0009639,0
REC0010470,REC0011898,0
REC0002670,REC0004932,0
REC0001865,REC0001866,1
REC0012805,REC0014569,0
REC0001400,REC0001401,1
REC0006953,REC0006954,1
REC0011859,REC0011860,1
REC0011122,REC0012525,0
REC0001747,REC0008828,0
REC0001750,REC0001752,1
REC0006480,REC0009098,0
REC0003801,REC0003802,1
REC0010392,REC0014318,0
REC0011205,REC0014672,0
REC0000661,REC0008058,0
REC0012331,REC0014186,0
REC0006245,REC0010544,0
REC0001701,REC0008805,0
REC0004373,REC0010115,0
REC0001337,REC0001338,1
REC0003531,REC0007308,0
REC0002405,REC0014180,0
REC0011829,REC0011830,1
REC0007186,REC0008664,0
REC0002056,REC0002057,1
REC0004688,REC0007251,0
REC0005187,REC0014767,0
REC0008965,REC0012894,0
REC0013868,REC0013869,1
REC0013390,REC0013392,1
REC0003224,REC0003225,1
REC0013975,REC0013976,1
REC0004259,REC0014738,0
REC0007814,REC0013947,0
REC0010337,REC0011091,0
REC0006699,REC0012338,0
REC0005282,REC0013806,0
REC0003041,REC0011646,0
REC0013093,REC0013618,0
REC0001067,REC0009435,0
REC0011955,REC0012669,0
REC0011702,REC0012589,0
REC0008223,REC0008225,1
REC0008945,REC0008946,1
REC0010811,REC0010813,1
REC0001605,REC0007108,0
REC0008603,REC0012513,0
REC0001139,REC0007996,0
REC0001175,REC0009340,0
REC0003518,REC0003519,1
REC0003513,REC0006336,0
REC0000328,REC0002288,0
REC0006133,REC0006134,1
REC0008129,REC0013734,0
REC0000349,REC0000350,1
REC0008678,REC0009068,0
REC0012462,REC0012463,1
REC0010131,REC0012724,0
REC0007048,REC0007049,1
REC0004156,REC0012212,0
REC0006623,REC0011129,0
REC0004668,REC0004670,1
REC0013690,REC0013691,1
REC0004151,REC0007880,0
REC0007504,REC0014854,0
REC0003949,REC0005738,0
REC0011731,REC0011732,1
REC0001366,REC0009883,0
REC0007029,REC0007030,1
REC0013853,REC0013854,1
REC0002684,REC0010061,0
REC0005311,REC0010059,0
REC0001785,REC0001786,1
REC0014189,REC0014190,1
REC0002540,REC0004516,0
REC0000076,REC0008903,0
REC0001817,REC0007849,0
REC0001894,REC0014203,0
REC0012314,REC0012315,1
REC0002067,REC0002068,1
REC0005791,REC0005792,1
REC0007189,REC0007365,0
REC0005648,REC0013456,0
REC0007950,REC0007951,1
REC0008081,REC0014520,0
REC0003329,REC0003330,1
REC0005904,REC0011043,0
REC0000542,REC0009515,0
REC0010117,REC0014260,0
REC0002156,REC0013139,0
REC0008578,REC0015005,0
REC0001162,REC0010682,0
REC0012142,REC0012763,0
REC0009581,REC0013710,0
REC0005696,REC0008340,0
REC0002011,REC0002012,1
REC0006837,REC0006839,1
REC0010703,REC0014823,0
REC0012105,REC0012106,1
REC0010583,REC0013115,0
REC0005450,REC0010633,0
REC0004441,REC0004442,1
REC0000013,REC0005278,0
REC0002410,REC0014629,0
REC0002148,REC0011252,0
REC0010576,REC0010577,1
REC0008811,REC0014359,0
REC0000205,REC0014777,0
REC0003446,REC0003448,1
REC0013647,REC0013648,1
REC0004943,REC0005305,0
REC0000204,REC0013976,0
REC0002749,REC0002750,1
REC0001550,REC0001755,0
REC0000799,REC0010272,0
REC0008195,REC0011645,0
REC0005402,REC0005576,0
REC0004804,REC0004805,1
REC0011241,REC0014339,0
REC0005122,REC0005215,0
REC0006192,REC0006193,1
REC0012282,REC0012564,0
REC0000496,REC0010565,0
REC0013617,REC0014131,0
REC0005016,REC0013571,0
REC0007463,REC0008264,0
REC0000068,REC0000999,0
REC0003793,REC0006652,0
REC0007496,REC0007498,1
REC0001973,REC0003851,0
REC0002728,REC0002730,1
REC0011594,REC0011595,1
REC0014862,REC0014863,1
REC0009708,REC0009709,1
REC0002026,REC0006397,0
REC0000333,REC0009603,0
REC0012782,REC0012784,1
REC0008606,REC0010196,0
REC0007756,REC0012103,0
REC0004734,REC0012266,0
REC0006508,REC0010464,0
REC0003581,REC0008288,0
REC0005626,REC0014449,0
REC0003112,REC0004131,0
REC0011724,REC0013033,0
REC0005110,REC0005111,1
REC0008469,REC0012613,0
REC0003342,REC0012412,0
REC0004575,REC0009783,0
REC0011631,REC0011632,1
REC0008918,REC0008919,1
REC0009197,REC0014220,0
REC0006672,REC0009098,0
REC0008819,REC0013109,0
REC0014804,REC0014805,1
REC0003883,REC0006910,0
REC0011846,REC0011847,1
REC0005282,REC0014127,0
REC0006157,REC0006159,1
REC0003379,REC0005665,0
REC0004894,REC0010575,0
REC0001290,REC0002172,0
REC0004845,REC0004878,0
REC0003608,REC0012993,0
REC0003575,REC0003577,1
REC0010833,REC0010834,1
REC0008024,REC0009759,0
REC0008733,REC0012098,0
REC0009575,REC0009576,1
REC0008073,REC0008075,1
REC0005302,REC0011423,0
REC0001692,REC0011396,0
REC0008465,REC0008592,0
REC0001117,REC0008173,0
REC0000586,REC0000587,1
REC0000853,REC0000855,1
REC0007614,REC0009973,0
REC0001903,REC0014157,0
REC0005954,REC0012471,0
REC0013857,REC0014531,0
REC0005036,REC0005037,1
REC0012404,REC0013443,0
REC0006777,REC0006778,1
REC0004003,REC0013750,0
REC0004160,REC0009429,0
REC0003591,REC0007590,0
REC0006794,REC0006795,1
REC0007607,REC0010308,0
REC0002172,REC0009534,0
REC0011743,REC0011744,1
REC0006749,REC0014047,0
REC0005309,REC0006665,0
REC0002705,REC0006031,0
REC0009758,REC0009759,1
REC0001079,REC0012573,0
REC0010562,REC0010563,1
REC0014765,REC0014995,0
REC0004389,REC0011803,0
REC0009583,REC0009584,1
REC0006530,REC0006531,1
REC0012618,REC0012619,1
REC0004938,REC0005098,0
REC0013239,REC0014123,0
REC0002140,REC0010822,0
REC0000726,REC0003084,0
REC0004842,REC0008017,0
REC0012931,REC0013375,0
REC0011031,REC0013618,0
REC0000577,REC0012201,0
REC0009312,REC0013567,0
REC0011262,REC0014560,0
REC0012238,REC0014178,0
REC0008712,REC0008713,1
REC0002387,REC0002388,1
REC0001457,REC0004155,0
REC0005075,REC0005076,1
REC0007041,REC0007042,1
REC0010106,REC0014678,0
REC0001559,REC0007447,0
REC0004700,REC0006314,0
REC0001343,REC0005458,0
REC0011016,REC0011065,0
REC0008362,REC0014165,0
REC0000954,REC0001696,0
REC0007110,REC0007111,1
REC0010281,REC0013269,0
REC0001368,REC0001369,1
REC0004141,REC0008451,0
REC0006604,REC0014391,0
REC0001682,REC0003239,0
REC0006344,REC0010209,0
REC0002476,REC0013746,0
REC0012938,REC0012939,1
REC0007773,REC0008401,0
REC0005912,REC0005913,1
REC0005951,REC0008897,0
REC0001784,REC0004301,0
REC0013951,REC0014661,0
REC0002108,REC0002109,1
REC0006716,REC0014650,0
REC0007124,REC0012764,0
REC0011473,REC0014934,0
REC0007278,REC0008050,0
REC0001003,REC0002681,0
REC0005004,REC0005005,1
REC0008696,REC0009403,0
REC0000625,REC0003472,0
REC0009592,REC0011126,0
REC0009419,REC0013979,0
REC0005796,REC0012848,0
REC0002997,REC0004467,0
REC0002697,REC0006726,0
REC0004883,REC0010017,0
REC0000830,REC0002074,0
REC0008169,REC0013848,0
REC0008228,REC0011931,0
REC0002883,REC0002884,1
REC0014976,REC0014977,1
REC0002712,REC0010581,0
REC0002286,REC0005986,0
REC0002755,REC0002756,1
REC0009799,REC0013734,0
REC0000844,REC0000845,1
REC0004203,REC0010230,0
REC0000828,REC0002140,0
REC0005609,REC0011967,0
REC0003469,REC0003470,1
REC0006990,REC0008518,0
REC0002341,REC0008773,0
REC0003922,REC0012935,0
REC0006547,REC0009014,0
REC0001730,REC0006839,0
REC0006808,REC0013487,0
REC0000453,REC0000454,1
REC0013436,REC0014455,0
REC0003739,REC0014701,0
REC0011264,REC0012496,0
REC0008617,REC0013978,0
REC0008824,REC0008825,1
REC0013154,REC0013155,1
REC0002281,REC0002282,1
REC0003403,REC0012372,0
REC0004346,REC0004347,1
REC0010202,REC0010837,0
REC0001722,REC0010839,0
REC0009304,REC0011075,0
REC0010385,REC0010386,1
REC0009658,REC0009659,1
REC0000053,REC0004020,0
REC0006224,REC0006225,1
REC0010508,REC0014187,0
REC0004429,REC0014314,0
REC0003295,REC0009773,0
REC0009020,REC0014558,0
REC0013874,REC0013875,1
REC0004942,REC0011317,0
REC0000434,REC0003646,0
REC0000945,REC0008681,0
REC0002437,REC0007180,0
REC0001239,REC0010040,0
REC0002153,REC0002155,1
REC0004790,REC0010665,0
REC0010435,REC0010436,1
REC0006262,REC0012730,0
REC0000925,REC0011503,0
REC0000752,REC0000753,1
REC0005604,REC0008009,0
REC0003005,REC0003006,1
REC0000796,REC0011380,0
REC0012340,REC0014879,0
REC0007770,REC0007771,1
REC0013578,REC0013579,1
REC0000819,REC0000820,1
REC0001983,REC0009442,0
REC0007551,REC0011192,0
REC0012964,REC0012965,1
REC0006758,REC0012274,0
REC0013501,REC0013718,0
REC0013041,REC0013042,1
REC0013680,REC0013681,1
REC0008835,REC0014747,0
REC0007985,REC0011941,0
REC0012809,REC0014542,0
REC0008685,REC0011769,0
REC0001181,REC0009424,0
REC0000445,REC0004594,0
REC0010244,REC0010245,1
REC0002770,REC0013947,0
REC0009252,REC0014431,0
REC0001803,REC0010092,0
REC0004796,REC0004990,0
REC0004672,REC0012609,0
REC0006957,REC0011507,0
REC0001841,REC0001842,1
REC0003144,REC0007171,0
REC0003086,REC0014585,0
REC0003255,REC0006139,0
REC0001840,REC0001841,1
REC0010007,REC0010008,1
REC0000483,REC0000484,1
REC0004399,REC0012431,0
REC0002265,REC0009800,0
REC0012475,REC0012476,1
REC0008753,REC0009787,0
REC0007069,REC0010460,0
REC0000114,REC0000896,0
REC0007602,REC0011933,0
REC0003081,REC0005465,0
REC0009507,REC0009511,0
REC0010595,REC0013233,0
REC0006308,REC0007436,0
REC0006449,REC0006450,1
REC0010733,REC0013339,0
REC0010061,REC0010062,1
REC0007797,REC0007798,1
REC0002008,REC0005125,0
REC0007118,REC0009939,0
REC0005194,REC0010354,0
REC0001063,REC0013255,0
REC0000716,REC0013060,0
REC0005675,REC0013503,0
REC0006897,REC0012686,0
REC0011750,REC0014882,0
REC0012848,REC0012849,0
REC0002739,REC0008512,0
REC0009486,REC0010866,0
REC0009540,REC0009541,1
REC0014981,REC0014982,1
REC0008009,REC0011217,0
REC0001021,REC0009191,0
REC0003956,REC0003957,1
REC0002867,REC0009137,0
REC0000204,REC0004717,0
REC0001044,REC0001923,0
REC0004369,REC0009136,0
REC0002821,REC0003172,0
REC0005804,REC0011883,0
REC0006753,REC0014781,0
REC0004349,REC0010679,0
REC0007556,REC0012488,0
REC0005263,REC0005264,1
REC0007716,REC0011952,0
REC0010994,REC0014876,0
REC0005529,REC0012249,0
REC0008616,REC0008617,1
REC0014046,REC0014047,1
REC0011917,REC0011918,1
REC0000528,REC0000995,0
REC0007951,REC0011896,0
REC0002523,REC0010388,0
REC0008692,REC0014134,0
REC0012315,REC0012316,1
REC0000564,REC0012914,0
REC0000995,REC0002254,0
REC0004302,REC0012117,0
REC0007536,REC0010943,0
REC0001616,REC0006127,0
REC0011835,REC0011836,1
REC0000202,REC0006141,0
REC0001353,REC0005270,0
REC0004021,REC0010037,0
REC0003558,REC0003559,1
REC0004229,REC0011754,0
REC0003211,REC0014618,0
REC0004167,REC0009670,0
REC0010836,REC0013124,0
REC0001244,REC0011205,0
REC0012271,REC0012542,0
REC0001535,REC0005477,0
REC0005421,REC0005423,1
REC0005161,REC0009497,0
REC0006803,REC0007727,0
REC0004390,REC0006411,0
REC0002364,REC0002365,1
REC0013642,REC0013643,1
REC0011335,REC0013769,0
REC0002598,REC0013795,0
REC0000133,REC0000134,1
REC0000455,REC0013723,0
REC0001327,REC0006045,0
REC0011350,REC0011351,1
REC0006240,REC0006242,1
REC0011651,REC0011652,1
REC0005667,REC0005668,1
REC0001098,REC0010358,0
REC0003394,REC0009042,0
REC0006175,REC0011770,0
REC0007671,REC0014736,0
REC0005332,REC0005333,1
REC0002181,REC0007809,0
REC0011529,REC0011530,1
REC0003325,REC0003326,1
REC0001871,REC0001872,1
REC0006704,REC0010422,0
REC0007472,REC0009663,0
REC0012890,REC0012891,1
REC0005128,REC0005129,1
REC0008456,REC0012559,0
REC0012199,REC0012200,1
REC0003602,REC0005914,0
REC0002159,REC0007574,0
REC0007405,REC0012268,0
REC0011195,REC0011196,1
REC0003343,REC0011070,0
REC0001825,REC0008885,0
REC0012216,REC0012217,1
REC0003839,REC0011351,0
REC0001469,REC0001470,1
REC0004492,REC0004493,1
REC0011877,REC0011878,1
REC0006017,REC0012133,0
REC0011286,REC0011287,1
REC0004359,REC0004360,1
REC0012956,REC0012957,1
REC0014538,REC0014539,1
REC0008372,REC0008373,1
REC0007035,REC0007164,0
REC0000424,REC0011733,0
REC0002294,REC0002295,1
REC0007556,REC0013961,0
REC0000621,REC0006046,0
REC0001485,REC0011358,0
REC0002549,REC0002550,1
REC0008033,REC0011044,0
REC0013702,REC0013704,1
REC0007317,REC0008945,0
REC0010209,REC0010308,0
REC0007636,REC0007637,1
REC0004323,REC0014328,0
REC0002739,REC0008220,0
REC0002138,REC0002139,1
REC0013081,REC0014465,0
REC0005553,REC0011945,0
REC0012827,REC0012828,1
REC0010214,REC0010215,1
REC0001624,REC0005257,0
REC0002740,REC0007603,0
REC0008875,REC0012637,0
REC0010553,REC0012399,0
REC0000096,REC0006544,0
REC0013112,REC0013113,1
REC0001469,REC0010900,0
REC0013337,REC0013338,1
REC0008578,REC0008579,1
REC0014354,REC0014355,1
REC0000706,REC0011913,0
REC0002313,REC0013288,0
REC0006583,REC0007444,0
REC0004106,REC0006027,0
REC0003504,REC0009015,0
REC0009919,REC0014983,0
REC0007103,REC0009294,0
REC0011406,REC0011407,1
REC0001727,REC0001728,1
REC0005739,REC0005740,1
REC0011937,REC0014983,0
REC0000574,REC0000575,1
REC0011002,REC0011003,1
REC0012964,REC0014086,0
REC0002633,REC0014700,0
REC0006959,REC0006960,1
REC0008885,REC0008886,1
REC0009139,REC0010600,0
REC0013833,REC0014262,0
REC0010610,REC0012548,0
REC0009299,REC0012623,0
REC0009752,REC0009754,1
REC0014810,REC0014811,1
REC0007393,REC0013030,0
REC0012205,REC0013140,0
REC0010488,REC0010489,1
REC0002496,REC0002497,1
REC0012623,REC0013487,0
REC0000998,REC0003547,0
REC0004261,REC0004262,1
REC0011634,REC0012330,0
REC0006140,REC0006141,1
REC0002301,REC0002302,1
REC0007838,REC0008979,0
REC0005099,REC0007321,0
REC0003277,REC0003509,0
REC0006241,REC0006242,1
REC0003040,REC0008332,0
REC0011639,REC0011640,1
REC0008025,REC0008692,0
REC0014720,REC0014721,1
REC0000430,REC0013013,0
REC0003650,REC0007527,0
REC0008367,REC0008368,1
REC0006392,REC0006393,1
REC0008017,REC0008018,1
REC0002797,REC0007547,0
REC0002074,REC0007482,0
REC0011409,REC0011410,1
REC0005056,REC0006021,0
REC0008160,REC0008161,1
REC0002946,REC0005393,0
REC0013281,REC0013282,1
REC0000277,REC0000279,1
REC0012971,REC0012976,0
REC0004821,REC0007125,0
REC0006278,REC0006978,0
REC0002017,REC0002018,1
REC0011849,REC0011850,1
REC0003293,REC0005070,0
REC0004484,REC0013483,0
REC0007207,REC0011492,0
REC0002688,REC0003223,0
REC0000714,REC0005133,0
REC0008311,REC0008312,1
REC0002397,REC0004513,0
REC0003739,REC0003740,1
REC0006089,REC0014621,0
REC0009512,REC0013116,0
REC0011292,REC0012176,0
REC0001924,REC0008180,0
REC0003915,REC0011340,0
REC0002678,REC0002828,0
REC0006658,REC0006740,0
REC0002691,REC0005730,0
REC0001835,REC0001836,1
REC0000904,REC0000905,1
REC0005817,REC0012740,0
REC0009339,REC0012816,0
REC0001063,REC0001064,1
REC0000702,REC0006343,0
REC0002475,REC0012669,0
REC0012362,REC0012363,1
REC0004496,REC0004497,1
REC0008641,REC0013158,0
REC0000979,REC0008441,0
REC0001028,REC0008029,0
REC0002039,REC0002040,1
REC0013251,REC0013252,1
REC0008526,REC0008527,1
REC0001051,REC0014792,0
REC0003523,REC0003524,1
REC0006576,REC0006577,1
REC0003670,REC0005462,0
REC0001060,REC0001061,1
REC0004909,REC0004910,1
REC0010546,REC0011894,0
REC0000755,REC0012283,0
REC0009954,REC0009955,1
REC0006250,REC0009470,0
REC0008857,REC0009228,0
REC0005943,REC0012443,0
REC0006205,REC0013977,0
REC0014207,REC0014208,1
REC0003474,REC0013770,0
REC0003269,REC0005640,0
REC0004823,REC0006762,0
REC0005259,REC0008735,0
REC0002196,REC0006904,0
REC0009629,REC0009631,1
REC0003266,REC0008727,0
REC0000646,REC0006731,0
REC0010697,REC0010699,1
REC0011638,REC0011639,1
REC0007276,REC0007277,1
REC0014648,REC0014655,0
REC0010327,REC0010328,1
REC0007833,REC0013403,0
REC0000777,REC0000778,1
REC0005105,REC0009329,0
REC0013267,REC0013334,0
REC0007411,REC0013069,0
REC0013021,REC0013022,1
REC0004729,REC0011107,0
REC0004472,REC0008346,0
REC0000947,REC0001302,0
REC0003506,REC0010440,0
REC0009296,REC0013212,0
REC0003912,REC0008433,0
REC0010317,REC0013535,0
REC0009029,REC0010586,0
REC0007151,REC0011614,0
REC0001364,REC0004488,0
REC0007825,REC0011639,0
REC0008528,REC0010830,0
REC0011274,REC0011275,1
REC0007036,REC0013691,0
REC0010691,REC0010692,1
REC0002673,REC0004858,0
REC0000351,REC0003139,0
REC0002598,REC0007487,0
REC0001155,REC0011360,0
REC0003502,REC0003633,0
REC0003396,REC0012831,0
REC0000355,REC0006441,0
REC0005484,REC0011434,0
REC0002852,REC0008793,0
REC0011537,REC0011539,1
REC0007743,REC0009708,0
REC0003684,REC0003686,1
REC0008043,REC0012371,0
REC0004058,REC0004059,1
REC0000891,REC0006991,0
REC0004050,REC0007794,0
REC0003274,REC0013364,0
REC0000476,REC0006061,0
REC0003294,REC0008808,0
REC0006594,REC0007555,0
REC0003348,REC0003349,1
REC0004138,REC0010250,0
REC0011934,REC0011935,1
REC0010765,REC0012235,0
REC0004113,REC0007742,0
REC0014248,REC0014249,1
REC0008404,REC0012234,0
REC0003417,REC0008446,0
REC0001016,REC0005845,0
REC0004503,REC0010279,0
REC0006093,REC0011693,0
REC0000404,REC0001873,0
REC0002853,REC0012109,0
REC0009265,REC0009266,1
REC0002372,REC0002373,1
REC0004988,REC0011534,0
REC0012732,REC0012733,1
REC0009471,REC0014305,0
REC0004130,REC0005521,0
REC0011537,REC0011538,1
REC0002824,REC0009369,0
REC0014279,REC0014280,1
REC0005332,REC0011598,0
REC0002405,REC0009310,0
REC0007648,REC0009727,0
REC0005474,REC0005476,1
REC0002844,REC0010985,0
REC0009380,REC0014384,0
REC0003126,REC0003959,0
REC0004434,REC0004435,1
REC0004904,REC0007657,0
REC0003329,REC0003331,1
REC0000314,REC0012885,0
REC0010458,REC0013941,0
REC0005303,REC0014421,0
REC0008705,REC0008706,1
REC0003977,REC0008945,0
REC0001533,REC0001534,1
REC0006710,REC0006711,1
REC0006344,REC0008250,0
REC0002875,REC0013376,0
REC0000868,REC0003789,0
REC0003741,REC0012733,0
REC0003044,REC0003045,1
REC0000655,REC0012151,0
REC0002488,REC0012383,0
REC0002906,REC0007562,0
REC0002415,REC0002416,1
REC0010429,REC0010431,1
REC0013965,REC0013966,1
REC0002347,REC0005230,0
REC0014194,REC0014195,1
REC0011629,REC0015007,0
REC0002119,REC0013722,0
REC0001843,REC0009681,0
REC0001328,REC0013815,0
REC0002891,REC0008347,0
REC0002661,REC0011552,0
REC0001111,REC0003123,0
REC0004512,REC0004513,1
REC0013314,REC0013315,1
REC0008125,REC0008126,1
REC0014266,REC0014267,1
REC0001809,REC0001810,1
REC0005837,REC0005838,1
REC0004067,REC0013994,0
REC0003768,REC0007963,0
REC0009856,REC0012610,0
REC0001491,REC0012147,0
REC0002679,REC0008401,0
REC0006988,REC0007922,0
REC0006474,REC0006475,1
REC0007650,REC0007651,1
REC0004971,REC0011678,0
REC0004125,REC0013238,0
REC0010227,REC0010228,1
REC0007036,REC0007037,1
REC0006160,REC0006161,1
REC0009893,REC0010779,0
REC0000898,REC0012567,0
REC0003111,REC0014968,0
REC0007675,REC0007676,1
REC0009072,REC0009073,1
REC0009967,REC0009969,1
REC0006680,REC0006681,1
REC0011822,REC0011823,1
REC0002909,REC0005969,0
REC0006823,REC0012713,0
REC0005759,REC0005760,1
REC0003677,REC0003678,1
REC0004991,REC0004992,1
REC0000572,REC0004614,0
REC0007155,REC0010204,0
REC0004790,REC0005710,0
REC0000384,REC0003076,0
REC0006553,REC0010662,0
REC0001995,REC0001996,1
REC0007846,REC0007847,1
REC0001167,REC0014833,0
REC0010196,REC0012557,0
REC0001342,REC0005371,0
REC0012881,REC0014416,0
REC0003970,REC0012056,0
REC0000342,REC0011988,0
REC0001629,REC0001630,1
REC0014000,REC0014001,1
REC0000103,REC0012666,0
REC0005798,REC0005799,1
REC0005349,REC0005350,1
REC0005521,REC0005524,0
REC0012284,REC0012285,1
REC0007697,REC0011393,0
REC0013368,REC0013370,1
REC0005872,REC0005873,1
REC0004697,REC0004698,1
REC0000213,REC0004991,0
REC0008131,REC0008133,1
REC0006183,REC0013235,0
REC0005877,REC0005878,1
REC0012039,REC0013790,0
REC0010913,REC0012701,0
REC0008471,REC0008473,1
REC0002065,REC0011832,0
REC0002432,REC0002433,1
REC0001075,REC0012273,0
REC0000485,REC0002657,0
REC0006269,REC0012719,0
REC0001762,REC0003033,0
REC0005300,REC0005301,1
REC0005193,REC0005194,1
REC0006524,REC0014338,0
REC0003886,REC0003887,1
REC0006387,REC0014776,0
REC0012031,REC0014922,0
REC0000235,REC0000714,0
REC0007417,REC0013423,0
REC0002482,REC0011423,0
REC0002406,REC0004355,0
REC0005528,REC0011675,0
REC0005273,REC0010194,0
REC0002699,REC0003122,0
REC0004553,REC0008957,0
REC0000554,REC0002927,0
REC0010746,REC0012279,0
REC0009400,REC0015021,0
REC0010480,REC0010481,1
REC0001726,REC0002096,0
REC0010206,REC0010208,1
REC0012705,REC0014500,0
REC0010136,REC0012840,0
REC0011698,REC0011699,1
REC0004631,REC0013503,0
REC0003544,REC0006412,0
REC0010421,REC0013980,0
REC0004465,REC0004466,1
REC0005829,REC0008623,0
REC0008410,REC0010338,0
REC0007479,REC0009838,0
REC0003467,REC0005286,0
REC0012517,REC0013182,0
REC0003580,REC0006393,0
REC0001180,REC0002251,0
REC0007848,REC0007849,1
REC0000468,REC0001317,0
REC0013144,REC0014680,0
REC0001074,REC0001075,1
REC0010731,REC0012784,0
REC0004809,REC0006954,0
REC0007806,REC0010620,0
REC0005439,REC0005739,0
REC0011382,REC0011383,1
REC0003483,REC0009968,0
REC0006840,REC0014299,0
REC0004040,REC0008149,0
REC0013236,REC0013237,1
REC0005806,REC0014508,0
REC0013559,REC0013560,1
REC0010429,REC0010430,1
REC0002872,REC0012989,0
REC0006924,REC0007344,0
REC0002775,REC0007042,0
REC0006726,REC0006727,1
REC0001006,REC0001007,1
REC0001691,REC0003117,0
REC0007851,REC0008125,0
REC0013135,REC0014356,0
REC0010207,REC0010208,1
REC0008952,REC0012161,0
REC0005602,REC0011737,0
REC0002682,REC0009994,0
REC0008043,REC0012379,0
REC0003872,REC0003873,1
REC0006592,REC0006593,1
REC0013579,REC0013580,1
REC0008273,REC0008275,1
REC0008190,REC0011087,0
REC0000956,REC0004655,0
REC0001447,REC0001448,1
REC0005310,REC0005312,1
REC0013108,REC0013109,1
REC0013297,REC0013298,1
REC0000487,REC0001706,0
REC0000204,REC0005658,0
REC0004901,REC0013120,0
REC0002552,REC0007457,0
REC0001040,REC0006973,0
REC0001278,REC0009897,0
REC0004909,REC0004911,1
REC0003270,REC0008164,0
REC0013236,REC0013238,1
REC0009688,REC0010428,0
REC0002528,REC0004895,0
REC0005315,REC0009951,0
REC0003219,REC0009407,0
REC0003301,REC0007201,0
REC0000973,REC0000974,1
REC0014667,REC0014668,1
REC0012633,REC0012634,1
REC0011311,REC0013925,0
REC0007150,REC0014624,0
REC0003514,REC0003516,1
REC0008790,REC0010879,0
REC0003200,REC0003201,1
REC0010106,REC0010108,1
REC0000853,REC0000854,1
REC0000710,REC0007467,0
REC0001348,REC0010670,0
REC0005136,REC0005137,1
REC0001447,REC0010995,0
REC0004493,REC0006890,0
REC0008211,REC0008212,1
REC0001333,REC0002844,0
REC0009567,REC0009877,0
REC0010432,REC0011644,0
REC0003615,REC0011685,0
REC0002238,REC0014709,0
REC0000945,REC0000946,1
REC0004653,REC0007125,0
REC0001595,REC0006555,0
REC0009044,REC0010841,0
REC0004762,REC0004763,1
REC0002370,REC0002371,1
REC0007068,REC0008825,0
REC0001965,REC0010013,0
REC0002615,REC0005593,0
REC0008558,REC0014802,0
REC0002202,REC0003260,0
REC0001854,REC0005945,0
REC0011439,REC0011440,1
REC0001304,REC0007937,0
REC0010409,REC0010410,1
REC0003429,REC0011664,0
REC0005636,REC0006381,0
REC0002929,REC0008503,0
REC0012740,REC0012741,1
REC0012016,REC0013649,0
REC0008818,REC0011492,0
REC0003589,REC0008748,0
REC0003265,REC0014619,0
REC0000038,REC0012811,0
REC0002644,REC0002645,1
REC0004849,REC0004850,1
REC0014693,REC0014694,1
REC0001110,REC0004900,0
REC0001049,REC0005155,0
REC0004048,REC0004049,1
REC0011611,REC0012386,0
REC0011611,REC0011612,1
REC0004517,REC0012756,0
REC0002683,REC0002684,1
REC0007497,REC0007498,1
REC0009551,REC0009552,1
REC0003469,REC0003471,1
REC0000753,REC0011865,0
REC0006423,REC0007302,0
REC0004731,REC0004732,1
REC0011705,REC0014163,0
REC0001019,REC0002912,0
REC0013543,REC0013831,0
REC0002560,REC0006417,0
REC0014794,REC0014795,1
REC0005707,REC0007371,0
REC0009917,REC0009918,1
REC0005054,REC0005055,1
REC0005652,REC0013938,0
REC0000696,REC0006520,0
REC0010214,REC0010729,0
REC0009687,REC0009946,0
REC0006705,REC0006955,0
REC0010028,REC0014845,0
REC0002074,REC0002075,1
REC0005886,REC0005887,1
REC0005151,REC0011857,0
REC0004804,REC0007719,0
REC0011942,REC0011943,1
REC0003033,REC0003931,0
REC0002833,REC0012169,0
REC0009632,REC0013878,0
REC0009056,REC0009383,0
REC0011684,REC0011685,1
REC0004480,REC0004481,1
REC0005262,REC0013476,0
REC0008740,REC0011430,0
REC0011711,REC0011712,1
REC0008589,REC0011088,0
REC0007199,REC0012278,0
REC0003961,REC0010304,0
REC0004123,REC0005441,0
REC0006475,REC0011170,0
REC0002334,REC0012655,0
REC0002703,REC0009992,0
REC0001690,REC0004347,0
REC0001047,REC0010284,0
REC0003879,REC0009571,0
REC0000230,REC0005587,0
REC0006213,REC0006214,1
REC0000761,REC0007740,0
REC0013237,REC0013238,1
REC0005711,REC0008086,0
REC0008372,REC0008374,1
REC0013893,REC0014095,0
REC0002082,REC0002083,1
REC0002007,REC0007812,0
REC0002050,REC0011132,0
REC0013081,REC0013082,1
REC0001930,REC0009983,0
REC0004695,REC0007131,0
REC0002267,REC0002268,1
REC0000628,REC0000716,0
REC0003169,REC0003171,1
REC0008198,REC0012306,0
REC0000453,REC0008498,0
REC0001028,REC0001029,1
REC0000483,REC0010589,0
REC0008648,REC0008649,1
REC0001515,REC0001517,1
REC0005609,REC0005652,0
REC0012071,REC0013402,0
REC0006237,REC0014190,0
REC0003120,REC0006747,0
REC0002880,REC0011963,0
REC0005394,REC0006893,0
REC0002893,REC0006868,0
REC0001963,REC0014641,0
REC0006929,REC0012641,0
REC0007254,REC0014879,0
REC0007947,REC0008456,0
REC0010785,REC0010786,1
REC0014091,REC0014582,0
REC0011306,REC0014591,0
REC0000934,REC0002955,0
REC0008884,REC0008886,1
REC0000749,REC0008883,0
REC0006892,REC0006893,1
REC0008933,REC0011721,0
REC0003779,REC0013226,0
REC0006179,REC0012991,0
REC0006108,REC0009917,0
REC0006837,REC0010144,0
REC0008373,REC0013120,0
REC0013029,REC0013031,1
REC0007489,REC0007490,1
REC0000305,REC0004721,0
REC0008778,REC0008779,1
REC0003897,REC0003898,1
REC0002656,REC0003942,0
REC0013833,REC0013834,1
REC0010314,REC0010315,1
REC0002379,REC0009984,0
REC0000253,REC0003723,0
REC0001359,REC0001360,1
REC0004165,REC0012208,0
REC0000305,REC0000306,1
REC0002696,REC0003806,0
REC0001373,REC0003686,0
REC0013536,REC0013537,1
REC0000133,REC0000135,1
REC0001029,REC0014943,0
REC0010479,REC0013756,0
REC0012079,REC0012080,1
REC0000291,REC0009993,0
REC0000123,REC0012983,0
REC0013080,REC0014502,0
REC0005452,REC0014490,0
REC0014610,REC0014612,1
REC0003729,REC0013006,0
REC0003809,REC0012878,0
REC0000666,REC0002587,0
REC0001355,REC0001356,1
REC0014243,REC0014245,1
REC0011646,REC0011647,1
REC0002440,REC0005848,0
REC0005478,REC0008664,0
REC0002438,REC0006797,0
REC0000741,REC0012946,0
REC0002794,REC0002796,1
REC0005956,REC0005957,1
REC0000969,REC0001639,0
REC0008817,REC0014770,0
REC0002087,REC0008045,0
REC0009511,REC0011520,0
REC0005805,REC0014260,0
REC0009273,REC0014960,0
REC0002962,REC0002963,1
REC0001864,REC0001866,1
REC0007917,REC0013935,0
REC0003409,REC0012905,0
REC0009858,REC0011277,0
REC0014234,REC0014235,1
REC0006590,REC0006591,1
REC0013551,REC0013553,1
REC0003569,REC0003571,1
REC0008420,REC0008421,1
REC0002849,REC0006048,0
REC0006072,REC0006869,0
REC0005282,REC0014059,0
REC0008664,REC0008665,1
REC0014852,REC0014854,1
REC0006152,REC0014419,0
REC0003982,REC0014758,0
REC0009457,REC0012983,0
REC0003423,REC0012641,0
REC0007203,REC0007204,1
REC0005159,REC0005160,1
REC0005981,REC0005982,1
REC0003909,REC0014379,0
REC0001626,REC0006012,0
REC0008333,REC0014055,0
REC0000688,REC0003951,0
REC0000326,REC0000327,1
REC0002704,REC0002705,1
REC0006355,REC0006514,0
REC0007430,REC0007431,1
REC0009516,REC0009517,1
REC0010627,REC0014803,0
REC0003384,REC0014352,0
REC0005605,REC0010654,0
REC0006913,REC0013206,0
REC0004821,REC0007448,0
REC0000424,REC0000426,1
REC0000274,REC0007077,0
REC0006429,REC0006430,1
REC0010259,REC0010260,1
REC0013059,REC0013060,1
REC0006612,REC0008828,0
REC0002974,REC0002975,1
REC0000380,REC0012354,0
REC0001816,REC0001817,1
REC0010725,REC0014324,0
REC0008135,REC0010106,0
REC0012245,REC0012246,1
REC0010590,REC0010591,1
REC0008905,REC0011520,0
REC0005951,REC0005952,1
REC0012277,REC0012831,0
REC0005722,REC0006804,0
REC0001354,REC0001355,1
REC0011885,REC0011886,1
REC0000421,REC0006820,0
REC0006677,REC0006678,1
REC0000420,REC0010668,0
REC0003233,REC0014036,0
REC0007288,REC0007289,1
REC0011052,REC0011053,1
REC0007535,REC0008164,0
REC0006431,REC0007629,0
REC0000240,REC0008880,0
REC0010344,REC0010345,1
REC0000121,REC0000195,0
REC0013311,REC0013312,1
REC0006933,REC0006934,1
REC0004452,REC0012918,0
REC0006322,REC0007508,0
REC0002139,REC0007873,0
REC0008877,REC0008879,1
REC0008423,REC0008424,1
REC0000894,REC0010864,0
REC0001880,REC0001881,1
REC0004302,REC0005315,0
REC0001774,REC0004878,0
REC0013419,REC0013593,0
REC0011798,REC0014105,0
REC0004264,REC0008068,0
REC0007376,REC0011314,0
REC0000545,REC0013804,0
REC0002664,REC0014110,0
REC0013551,REC0013552,1
REC0011809,REC0013784,0
REC0003047,REC0003048,1
REC0010254,REC0010255,1
REC0004218,REC0005326,0
REC0003021,REC0008516,0
REC0001334,REC0012218,0
REC0001610,REC0001611,1
REC0004747,REC0009046,0
REC0010096,REC0014300,0
REC0011663,REC0011664,1
REC0005795,REC0005796,1
REC0001017,REC0002491,0
REC0008392,REC0012787,0
REC0006189,REC0012993,0
REC0006078,REC0011456,0
REC0001233,REC0014915,0
REC0008001,REC0008002,1
REC0014350,REC0014351,1
REC0005557,REC0008300,0
REC0011721,REC0012273,0
REC0002153,REC0002154,1
REC0001969,REC0002400,0
REC0003938,REC0013574,0
REC0004165,REC0008223,0
REC0002615,REC0014098,0
REC0012954,REC0012955,1
REC0007473,REC0008264,0
REC0001489,REC0011921,0
REC0005199,REC0008555,0
REC0013098,REC0013099,1
REC0001599,REC0001600,1
REC0003687,REC0003688,1
REC0012651,REC0013536,0
REC0006668,REC0008824,0
REC0005496,REC0006121,0
REC0006983,REC0013004,0
REC0005909,REC0009097,0
REC0009760,REC0012009,0
REC0011978,REC0011979,1
REC0003286,REC0011265,0
REC0003721,REC0014325,0
REC0002333,REC0009291,0
REC0004567,REC0006110,0
REC0006826,REC0006827,1
REC0006331,REC0009572,0
REC0004943,REC0005886,0
REC0001438,REC0001439,1
REC0009135,REC0009136,1
REC0004339,REC0004340,1
REC0005543,REC0005544,1
REC0003570,REC0003571,1
REC0014163,REC0014164,1
REC0007979,REC0009472,0
REC0011768,REC0014979,0
REC0002007,REC0002008,1
REC0013727,REC0013728,1
REC0000694,REC0009071,0
REC0009798,REC0009799,1
REC0000535,REC0000536,1
REC0002211,REC0004227,0
REC0000064,REC0004182,0
REC0004692,REC0004693,1
REC0010022,REC0010023,1
REC0008047,REC0009819,0
REC0006058,REC0007769,0
REC0012212,REC0012213,1
REC0005829,REC0011606,0
REC0014160,REC0014757,0
REC0005081,REC0005082,1
REC0014696,REC0014697,1
REC0000989,REC0012111,0
REC0006369,REC0006370,1
REC0002426,REC0007245,0
REC0005847,REC0008678,0
REC0007002,REC0013403,0
REC0009644,REC0013737,0
REC0006491,REC0006984,0
REC0004482,REC0010417,0
REC0008952,REC0010334,0
REC0004518,REC0009758,0
REC0000835,REC0006773,0
REC0011482,REC0012116,0
REC0001247,REC0001301,0
REC0013569,REC0013570,1
REC0005259,REC0007394,0
REC0005380,REC0005381,1
REC0006725,REC0006727,1
REC0010400,REC0010401,1
REC0006372,REC0006373,1
REC0003144,REC0013001,0
REC0004596,REC0011794,0
REC0000527,REC0003122,0
REC0004835,REC0014975,0
REC0003659,REC0003660,1
REC0006543,REC0010783,0
REC0006686,REC0011583,0
REC0003299,REC0014788,0
REC0003654,REC0014260,0
REC0002255,REC0013541,0
REC0008647,REC0010687,0
REC0013898,REC0013899,1
REC0001671,REC0012284,0
REC0007661,REC0007663,1
REC0001505,REC0001507,1
REC0011982,REC0014726,0
REC0001571,REC0011214,0
REC0002403,REC0012405,0
REC0005407,REC0008985,0
REC0005648,REC0006884,0
REC0002552,REC0002553,1
REC0004995,REC0011105,0
REC0012053,REC0012054,1
REC0002066,REC0006416,0
REC0000197,REC0000198,1
REC0000134,REC0000135,1
REC0001421,REC0011187,0
REC0011276,REC0011581,0
REC0009736,REC0009737,1
REC0004691,REC0013120,0
REC0000817,REC0003370,0
REC0003847,REC0003848,1
REC0001758,REC0003566,0
REC0014989,REC0014991,1
REC0008295,REC0013444,0
REC0003902,REC0004818,0
REC0005302,REC0013477,0
REC0000513,REC0014868,0
REC0000213,REC0013919,0
REC0006623,REC0012068,0
REC0006878,REC0013199,0
REC0000098,REC0001154,0
REC0007367,REC0007368,1
REC0000335,REC0013208,0
REC0001053,REC0001054,1
REC0004899,REC0011889,0
REC0004917,REC0010616,0
REC0007064,REC0007065,1
REC0007725,REC0012760,0
REC0014671,REC0014673,1
REC0011359,REC0012464,0
REC0002472,REC0012970,0
REC0009766,REC0009767,1
REC0004653,REC0008107,0
REC0001849,REC0008548,0
REC0011644,REC0013043,0
REC0006152,REC0011182,0
REC0005294,REC0005295,1
REC0001829,REC0001830,1
REC0005374,REC0011002,0
REC0007639,REC0007640,1
REC0005038,REC0005039,1
REC0010366,REC0010367,1
REC0001254,REC0001255,1
REC0000829,REC0000830,1
REC0006630,REC0010687,0
REC0002746,REC0010349,0
REC0014373,REC0014374,1
REC0004720,REC0012497,0
REC0010559,REC0013300,0
REC0004335,REC0011134,0
REC0006947,REC0006948,1
REC0007992,REC0007993,1
REC0003679,REC0003680,1
REC0001841,REC0003832,0
REC0008225,REC0014019,0
REC0003904,REC0003905,1
REC0000397,REC0003613,0
REC0007562,REC0011059,0
REC0004949,REC0012512,0
REC0006849,REC0006850,1
REC0009324,REC0009326,1
REC0010246,REC0012485,0
REC0003545,REC0012925,0
REC0001073,REC0014464,0
REC0000197,REC0008830,0
REC0003148,REC0009808,0
REC0012349,REC0014831,0
REC0007360,REC0008677,0
REC0002796,REC0007523,0
REC0011941,REC0011943,1
REC0002863,REC0009450,0
REC0004606,REC0009367,0
REC0003289,REC0003610,0
REC0002137,REC0011468,0
REC0012074,REC0013495,0
REC0011516,REC0014298,0
REC0009667,REC0009668,1
REC0003854,REC0008457,0
REC0000586,REC0010753,0
REC0002935,REC0013517,0
REC0000336,REC0010289,0
REC0013987,REC0013988,1
REC0002402,REC0002403,1
REC0004329,REC0011542,0
REC0001991,REC0010665,0
REC0006255,REC0006256,1
REC0002206,REC0002207,1
REC0008368,REC0008369,1
REC0003344,REC0003345,1
REC0004346,REC0009836,0
REC0007550,REC0010748,0
REC0000109,REC0006064,0
REC0001027,REC0011777,0
REC0009526,REC0009527,1
REC0002157,REC0014515,0
REC0010103,REC0012189,0
REC0002188,REC0002190,1
REC0000494,REC0010408,0
REC0012975,REC0013306,0
REC0006820,REC0006821,1
REC0007825,REC0011199,0
REC0005295,REC0005296,1
REC0003716,REC0006534,0
REC0002913,REC0002914,1
REC0003271,REC0008898,0
REC0003076,REC0013888,0
REC0006444,REC0006445,1
REC0005196,REC0005197,1
REC0003001,REC0006100,0
REC0008373,REC0008374,1
REC0005105,REC0014927,0
REC0004772,REC0006179,0
REC0002202,REC0002204,1
REC0003919,REC0005064,0
REC0002203,REC0002204,1
REC0003848,REC0010712,0
REC0002982,REC0014127,0
REC0005147,REC0005176,0
REC0007994,REC0010723,0
REC0007920,REC0007921,1
REC0001767,REC0009046,0
REC0004673,REC0006971,0
REC0003514,REC0003515,1
REC0004286,REC0010977,0
REC0001953,REC0009923,0
REC0012787,REC0012788,1
REC0003269,REC0011572,0
REC0000161,REC0000507,0
REC0001407,REC0001408,1
REC0003273,REC0003274,1
REC0003084,REC0007459,0
REC0003479,REC0003480,1
REC0011160,REC0011161,1
REC0000755,REC0002462,0
REC0011597,REC0011598,1
REC0006450,REC0011922,0
REC0008134,REC0010715,0
REC0009696,REC0009697,1
REC0001709,REC0004080,0
REC0014911,REC0014971,0
REC0001633,REC0001635,1
REC0004715,REC0011325,0
REC0005625,REC0005626,1
REC0008563,REC0008564,1
REC0002581,REC0002582,1
REC0007870,REC0011469,0
REC0010776,REC0014196,0
REC0007359,REC0007360,1
REC0001779,REC0003899,0
REC0008471,REC0008472,1
REC0008681,REC0008682,1
REC0008369,REC0009898,0
REC0003640,REC0013594,0
REC0007487,REC0008252,0
REC0001617,REC0001618,1
REC0008789,REC0008790,1
REC0009469,REC0014488,0
REC0003425,REC0005953,0
REC0007548,REC0012421,0
REC0002399,REC0014438,0
REC0003334,REC0004584,0
REC0006150,REC0008762,0
REC0006483,REC0006484,1
REC0004884,REC0014403,0
REC0000414,REC0004817,0
REC0012921,REC0012922,1
REC0001926,REC0001993,0
REC0003155,REC0011603,0
REC0008815,REC0010763,0
REC0008685,REC0011789,0
REC0000898,REC0007502,0
REC0004733,REC0012469,0
REC0003086,REC0004039,0
REC0003769,REC0006658,0
REC0004964,REC0006212,0
REC0007727,REC0010401,0
REC0004520,REC0004521,1
REC0003031,REC0013844,0
REC0008400,REC0008939,0
REC0000917,REC0010582,0
REC0009143,REC0009144,1
REC0015002,REC0015018,0
REC0000938,REC0014660,0
REC0000508,REC0010728,0
REC0008831,REC0008832,1
REC0002927,REC0003893,0
REC0009440,REC0009441,1
REC0006652,REC0006653,1
REC0006860,REC0010922,0
REC0002815,REC0002816,1
REC0000826,REC0000827,1
REC0008526,REC0010798,0
REC0001129,REC0001130,1
REC0000113,REC0002178,0
REC0007028,REC0011419,0
REC0012443,REC0012444,1
REC0003056,REC0009972,0
REC0004280,REC0011961,0
REC0009313,REC0009314,1
REC0007792,REC0009514,0
REC0012094,REC0014570,0
REC0001238,REC0006381,0
REC0008951,REC0013599,0
REC0002634,REC0014534,0
REC0008858,REC0011523,0
REC0008170,REC0012044,0
REC0004541,REC0004963,0
REC0000459,REC0002017,0
REC0011505,REC0012050,0
REC0002934,REC0010160,0
REC0000850,REC0004712,0
REC0000860,REC0003599,0
REC0000780,REC0006227,0
REC0002742,REC0002743,1
REC0005529,REC0005530,1
REC0012554,REC0012555,1
REC0009971,REC0014889,0
REC0009800,REC0011294,0
REC0006119,REC0006814,0
REC0006788,REC0006789,1
REC0001449,REC0001450,1
REC0010507,REC0010508,1
REC0004769,REC0014432,0
REC0008818,REC0014150,0
REC0010817,REC0012480,0
REC0010073,REC0010074,1
REC0004288,REC0005700,0
REC0002306,REC0005597,0
REC0001791,REC0004486,0
REC0003736,REC0003737,1
REC0008411,REC0014889,0
REC0002506,REC0009598,0
REC0001770,REC0015014,0
REC0001609,REC0001610,1
REC0005764,REC0008216,0
REC0007943,REC0014893,0
REC0006722,REC0010577,0
REC0002360,REC0011456,0
REC0007226,REC0013940,0
REC0010857,REC0010985,0
REC0010649,REC0010650,1
REC0014461,REC0014462,1
REC0003947,REC0003948,1
REC0007088,REC0008579,0
REC0002566,REC0005312,0
REC0002438,REC0012571,0
REC0004972,REC0014114,0
REC0000780,REC0014350,0
REC0002524,REC0013914,0
REC0006201,REC0006202,1
REC0002676,REC0003021,0
REC0002078,REC0002079,1
REC0002877,REC0002878,1
REC0009323,REC0013160,0
REC0000878,REC0001568,0
REC0004164,REC0007859,0
REC0013552,REC0013553,1
REC0004859,REC0004860,1
REC0012548,REC0012549,1
REC0004683,REC0014879,0
REC0005786,REC0014147,0
REC0006334,REC0011772,0
REC0001678,REC0005473,0
REC0003110,REC0004589,0
REC0007027,REC0011873,0
REC0003447,REC0005305,0
REC0013092,REC0013093,1
REC0012048,REC0012049,1
REC0008587,REC0013908,0
REC0009379,REC0013814,0
REC0001286,REC0001287,1
REC0003791,REC0014106,0
REC0008482,REC0008621,0
REC0000268,REC0008831,0
REC0007582,REC0007583,1
REC0000711,REC0006411,0
REC0003777,REC0004394,0
REC0004517,REC0010551,0
REC0008811,REC0011348,0
REC0008383,REC0011457,0
REC0002928,REC0013001,0
REC0001037,REC0014524,0
REC0005466,REC0012838,0
REC0000959,REC0007722,0
REC0001360,REC0010601,0
REC0000696,REC0002913,0
REC0009959,REC0009960,1
REC0002287,REC0012933,0
REC0002035,REC0010767,0
REC0000884,REC0000885,1
REC0005391,REC0006294,0
REC0002792,REC0006830,0
REC0010558,REC0010559,1
REC0002382,REC0002384,1
REC0006096,REC0006098,1
REC0006031,REC0006032,1
REC0005393,REC0013587,0
REC0005648,REC0012980,0
REC0001361,REC0001362,1
REC0001895,REC0001896,1
REC0012242,REC0013322,0
REC0009315,REC0009316,1
REC0009946,REC0014357,0
REC0010032,REC0010033,1
REC0012865,REC0012866,1
REC0011479,REC0011480,1
REC0008537,REC0013401,0
REC0006243,REC0012804,0
REC0002850,REC0010351,0
REC0002842,REC0004277,0
REC0005797,REC0009547,0
REC0011638,REC0011640,1
REC0004915,REC0004916,1
REC0005562,REC0014795,0
REC0001437,REC0001438,1
REC0005962,REC0005963,1
REC0005836,REC0013133,0
REC0001208,REC0009757,0
REC0001262,REC0013454,0
REC0003934,REC0003935,1
REC0000348,REC0010743,0
REC0000863,REC0007814,0
REC0000049,REC0003005,0
REC0005905,REC0014956,0
REC0008072,REC0009876,0
REC0002409,REC0003891,0
REC0010128,REC0011250,0
REC0005958,REC0014449,0
REC0004006,REC0004007,1
REC0001997,REC0010426,0
REC0000098,REC0000099,1
REC0000680,REC0000682,1
REC0010634,REC0010635,1
REC0000614,REC0000615,1
REC0005058,REC0005059,1
REC0002750,REC0012513,0
REC0000100,REC0008236,0
REC0009253,REC0012056,0
REC0004930,REC0010214,0
REC0007033,REC0007167,0
REC0008396,REC0008397,1
REC0011234,REC0011235,1
REC0007383,REC0009094,0
REC0000446,REC0006293,0
REC0005159,REC0005161,1
REC0006738,REC0013156,0
REC0004418,REC0010738,0
REC0005101,REC0005103,1
REC0009773,REC0009774,1
REC0001416,REC0008560,0
REC0002374,REC0004047,0
REC0008315,REC0008316,1
REC0004908,REC0007692,0
REC0002613,REC0006714,0
REC0003499,REC0011610,0
REC0003282,REC0014257,0
REC0002345,REC0009482,0
REC0003991,REC0011348,0
REC0001933,REC0007920,0
REC0014061,REC0014062,1
REC0001676,REC0001677,1
REC0011836,REC0013359,0
REC0004477,REC0004478,1
REC0011168,REC0014312,0
REC0000684,REC0013942,0
REC0004020,REC0004021,1
REC0006265,REC0013496,0
REC0002995,REC0002997,1
REC0005103,REC0007382,0
REC0010387,REC0011905,0
REC0003606,REC0003607,1
REC0006289,REC0014788,0
REC0009325,REC0009326,1
REC0002660,REC0009146,0
REC0000250,REC0000251,1
REC0009369,REC0009816,0
REC0001204,REC0006546,0
REC0010737,REC0014998,0
REC0001254,REC0004330,0
REC0013407,REC0013409,1
REC0005314,REC0008810,0
REC0005183,REC0005184,1
REC0001301,REC0001302,1
REC0005269,REC0010027,0
REC0009718,REC0013620,0
REC0013929,REC0013931,1
REC0002226,REC0007662,0
REC0010713,REC0013279,0
REC0001935,REC0007668,0
REC0008436,REC0012674,0
REC0011514,REC0014900,0
REC0007781,REC0011037,0
REC0014398,REC0014399,1
REC0000470,REC0003455,0
REC0004194,REC0004195,1
REC0008365,REC0013217,0
REC0004002,REC0004003,1
REC0005203,REC0009696,0
REC0000901,REC0001930,0
REC0013407,REC0014343,0
REC0012904,REC0012905,1
REC0000052,REC0007812,0
REC0001712,REC0012355,0
REC0005920,REC0007620,0
REC0004885,REC0013962,0
REC0001514,REC0004964,0
REC0002947,REC0008291,0
REC0002095,REC0005065,0
REC0002270,REC0013039,0
REC0001489,REC0010081,0
REC0008027,REC0008028,1
REC0007610,REC0013029,0
REC0009254,REC0009255,1
REC0007790,REC0013088,0
REC0008497,REC0008499,1
REC0000384,REC0005880,0
REC0008908,REC0012623,0
REC0000382,REC0000383,1
REC0010534,REC0010536,1
REC0008035,REC0014282,0
REC0001852,REC0001854,1
REC0000258,REC0006001,0
REC0004270,REC0008097,0
REC0002226,REC0006826,0
REC0006887,REC0006888,1
REC0001118,REC0001120,1
REC0003458,REC0003460,1
REC0013813,REC0013814,1
REC0004237,REC0004238,1
REC0013324,REC0013325,1
REC0000301,REC0008411,0
REC0003669,REC0009438,0
REC0007219,REC0007220,1
REC0009633,REC0009634,1
REC0008088,REC0008089,1
REC0009426,REC0009427,1
REC0010516,REC0013011,0
REC0000370,REC0010746,0
REC0005896,REC0005898,1
REC0007252,REC0009466,0
REC0001154,REC0012839,0
REC0011239,REC0012221,0
REC0001160,REC0005606,0
REC0004711,REC0008415,0
REC0001482,REC0005701,0
REC0008061,REC0009696,0
REC0007183,REC0007184,1
REC0013957,REC0013958,1
REC0000140,REC0014588,0
REC0010887,REC0010889,1
REC0009041,REC0009043,1
REC0005593,REC0014647,0
REC0006174,REC0008447,0
REC0004904,REC0008162,0
REC0014606,REC0014607,1
REC0000590,REC0000592,1
REC0002302,REC0007304,0
REC0005468,REC0009258,0
REC0006823,REC0007372,0
REC0006724,REC0007695,0
REC0000883,REC0009314,0
REC0002578,REC0002579,1
REC0009541,REC0009542,1
REC0007844,REC0009321,0
REC0002039,REC0014906,0
REC0003957,REC0005550,0
REC0011168,REC0013989,0
REC0009902,REC0009904,1
REC0001540,REC0004627,0
REC0004844,REC0013708,0
REC0008989,REC0013264,0
REC0007771,REC0009243,0
REC0003178,REC0003179,1
REC0000674,REC0002238,0
REC0004242,REC0004243,1
REC0003562,REC0003563,1
REC0009755,REC0009880,0
REC0006505,REC0006506,1
REC0003509,REC0007770,0
REC0007084,REC0008542,0
REC0000427,REC0007813,0
REC0005192,REC0006213,0
REC0002534,REC0008188,0
REC0008702,REC0011565,0
REC0005391,REC0005392,1
REC0005359,REC0005360,1
REC0008923,REC0010187,0
REC0000012,REC0009545,0
REC0003710,REC0006920,0
REC0000670,REC0002749,0
REC0006411,REC0008286,0
REC0014483,REC0014485,1
REC0001327,REC0001328,1
REC0001311,REC0002727,0
REC0013408,REC0013409,1
REC0014247,REC0014249,1
REC0011014,REC0011262,0
REC0004645,REC0013220,0
REC0007378,REC0007379,1
REC0008847,REC0008848,1
REC0010809,REC0010810,1
REC0001945,REC0001946,1
REC0007261,REC0008036,0
REC0000426,REC0009647,0
REC0005505,REC0014464,0
REC0001831,REC0001832,1
REC0002658,REC0006713,0
REC0002850,REC0002851,1
REC0014881,REC0014882,1
REC0003837,REC0011476,0
REC0012886,REC0012887,1
REC0001715,REC0005724,0
REC0000963,REC0013133,0
REC0004351,REC0004353,1
REC0005878,REC0014984,0
REC0010901,REC0010902,1
REC0001507,REC0014904,0
REC0004339,REC0004696,0
REC0000916,REC0003442,0
REC0004168,REC0004169,1
REC0007033,REC0007034,1
REC0006994,REC0010847,0
REC0009949,REC0009951,1
REC0010892,REC0013543,0
REC0001156,REC0005888,0
REC0003750,REC0014933,0
REC0003350,REC0003351,1
REC0010263,REC0010264,1
REC0003186,REC0006843,0
REC0005386,REC0013407,0
REC0001046,REC0010054,0
REC0003561,REC0003563,1
REC0011194,REC0011865,0
REC0000098,REC0006792,0
REC0008735,REC0008736,1
REC0010967,REC0010968,1
REC0001089,REC0013406,0
REC0010004,REC0011026,0
REC0008729,REC0013157,0
REC0010832,REC0010833,1
REC0004668,REC0004669,1
REC0000874,REC0008393,0
REC0005310,REC0009947,0
REC0000504,REC0008653,0
REC0009393,REC0009394,1
REC0004560,REC0005157,0
REC0000061,REC0011116,0
REC0005467,REC0012060,0
REC0001772,REC0007742,0
REC0009407,REC0013088,0
REC0005412,REC0007610,0
REC0009494,REC0013780,0
REC0004355,REC0004356,1
REC0007436,REC0013222,0
REC0000796,REC0013689,0
REC0010110,REC0014808,0
REC0006336,REC0007603,0
REC0007076,REC0010209,0
REC0006562,REC0006563,1
REC0008488,REC0011423,0
REC0006158,REC0006159,1
REC0005479,REC0013360,0
REC0003087,REC0003088,1
REC0006393,REC0007777,0
REC0002110,REC0012204,0
REC0000234,REC0011494,0
REC0013850,REC0013851,1
REC0006844,REC0008481,0
REC0006919,REC0010711,0
REC0001661,REC0004073,0
REC0012292,REC0012293,1
REC0000311,REC0010510,0
REC0005526,REC0005528,1
REC0011072,REC0011073,1
REC0000913,REC0013899,0
REC0001245,REC0001246,1
REC0001629,REC0009750,0
REC0003061,REC0008847,0
REC0002228,REC0012976,0
REC0005360,REC0010848,0
REC0001097,REC0007563,0
REC0012776,REC0012778,1
REC0006361,REC0013260,0
REC0002555,REC0002556,1
REC0003150,REC0010911,0
REC0003067,REC0011093,0
REC0006874,REC0008625,0
REC0008853,REC0013083,0
REC0008622,REC0009420,0
REC0008151,REC0010979,0
REC0000599,REC0002611,0
REC0009106,REC0009107,1
REC0004891,REC0007564,0
REC0002930,REC0002931,1
REC0007491,REC0009819,0
REC0004688,REC0007397,0
REC0003879,REC0008606,0
REC0000808,REC0002407,0
REC0004414,REC0013065,0
REC0001250,REC0001665,0
REC0010926,REC0010927,1
REC0008299,REC0014448,0
REC0005870,REC0013220,0
REC0006463,REC0007325,0
REC0008813,REC0009649,0
REC0003877,REC0003878,1
REC0007200,REC0007201,1
REC0003142,REC0003892,0
REC0002662,REC0011727,0
REC0001059,REC0001132,0
REC0001819,REC0013615,0
REC0013586,REC0013633,0
REC0011761,REC0013317,0
REC0009231,REC0011395,0
REC0005316,REC0012539,0
REC0003852,REC0003853,1
REC0001447,REC0014687,0
REC0008389,REC0010892,0
REC0007676,REC0011959,0
REC0008673,REC0011242,0
REC0002333,REC0010796,0
REC0005651,REC0014001,0
REC0012642,REC0012643,1
REC0002534,REC0002535,1
REC0014715,REC0014716,1
REC0003277,REC0014627,0
REC0005475,REC0005476,1
REC0005104,REC0011905,0
REC0001401,REC0001402,1
REC0000598,REC0009644,0
REC0009892,REC0012144,0
REC0005640,REC0012457,0
REC0000351,REC0000381,0
REC0000988,REC0005035,0
REC0010274,REC0013584,0
REC0004735,REC0013534,0
REC0004374,REC0004375,1
REC0000517,REC0009896,0
REC0009802,REC0009803,1
REC0006590,REC0008833,0
REC0002354,REC0008579,0
REC0009813,REC0013940,0
REC0003586,REC0005074,0
REC0000760,REC0002181,0
REC0002277,REC0004382,0
REC0002968,REC0003130,0
REC0001373,REC0005280,0
REC0000447,REC0000448,1
REC0002001,REC0004309,0
REC0012414,REC0013657,0
REC0005959,REC0014904,0
REC0002742,REC0009324,0
REC0009522,REC0009523,1
REC0013309,REC0013310,1
REC0004265,REC0007979,0
REC0004280,REC0004281,1
REC0001180,REC0009016,0
REC0000963,REC0003980,0
REC0013266,REC0013267,1
REC0007510,REC0008692,0
REC0014469,REC0014470,1
REC0010406,REC0011419,0
REC0001159,REC0003410,0
REC0001692,REC0009106,0
REC0004748,REC0004899,0
REC0002712,REC0002713,1
REC0000360,REC0004310,0
REC0004122,REC0005214,0
REC0013986,REC0014184,0
REC0002834,REC0010844,0
REC0001177,REC0008564,0
REC0005527,REC0005528,1
REC0000601,REC0000602,1
REC0003738,REC0013311,0
REC0007652,REC0007653,1
REC0000664,REC0010254,0
REC0000594,REC0012111,0
REC0010643,REC0013196,0
REC0010811,REC0010812,1
REC0003949,REC0011133,0
REC0009257,REC0011448,0
REC0011117,REC0013996,0
REC0005163,REC0005164,1
REC0006575,REC0010517,0
REC0001363,REC0002643,0
REC0011549,REC0014921,0
REC0008869,REC0008870,1
REC0003657,REC0008994,0
REC0003523,REC0014844,0
REC0002363,REC0012243,0
REC0003955,REC0003957,1
REC0005677,REC0005678,1
REC0007954,REC0010924,0
REC0013763,REC0013764,1
REC0000643,REC0011617,0
REC0005548,REC0005549,1
REC0006390,REC0013406,0
REC0012635,REC0012636,1
REC0006097,REC0006098,1
REC0007365,REC0009195,0
REC0000879,REC0000880,1
REC0004888,REC0007608,0
REC0005076,REC0007232,0
REC0013227,REC0013872,0
REC0004801,REC0010634,0
REC0001962,REC0002353,0
REC0001321,REC0002280,0
REC0010225,REC0010731,0
REC0003184,REC0004599,0
REC0011987,REC0011988,1
REC0002216,REC0005507,0
REC0001623,REC0007989,0
REC0008750,REC0008751,1
REC0000698,REC0005626,0
REC0006067,REC0009506,0
REC0003817,REC0013428,0
REC0005452,REC0005453,1
REC0014313,REC0014314,1
REC0002512,REC0011729,0
REC0009947,REC0010638,0
REC0007680,REC0011135,0
REC0002229,REC0011893,0
REC0014839,REC0014841,1
REC0009231,REC0012684,0
REC0004347,REC0004490,0
REC0003290,REC0011559,0
REC0003795,REC0007173,0
REC0003262,REC0006284,0
REC0004526,REC0004528,1
REC0008504,REC0009018,0
REC0005258,REC0012463,0
REC0000309,REC0006651,0
REC0001253,REC0001255,1
REC0009166,REC0009167,1
REC0003491,REC0006479,0
REC0003014,REC0006280,0
REC0002063,REC0009242,0
REC0002442,REC0003733,0
REC0004712,REC0004713,1
REC0007573,REC0008574,0
REC0005414,REC0014743,0
REC0004743,REC0012040,0
REC0005644,REC0009385,0
REC0005988,REC0013822,0
REC0000308,REC0002934,0
REC0009215,REC0014490,0
REC0002733,REC0009359,0
REC0003907,REC0009362,0
REC0001704,REC0010348,0
REC0000530,REC0014110,0
REC0007094,REC0009409,0
REC0002014,REC0002481,0
REC0001991,REC0003975,0
REC0000634,REC0008439,0
REC0004553,REC0004573,0
REC0003898,REC0006431,0
REC0007822,REC0007823,1
REC0003195,REC0003196,1
REC0011543,REC0011545,1
REC0008503,REC0011140,0
REC0004562,REC0012497,0
REC0012007,REC0012008,1
REC0003336,REC0006389,0
REC0003594,REC0004939,0
REC0014045,REC0014047,1
REC0014902,REC0014903,1
REC0005849,REC0005851,1
REC0007550,REC0007551,1
REC0004013,REC0010920,0
REC0012629,REC0014804,0
REC0014944,REC0014945,1
REC0006663,REC0006665,1
REC0008117,REC0008119,1
REC0005726,REC0014760,0
REC0001122,REC0005074,0
REC0003369,REC0004684,0
REC0008472,REC0011504,0
REC0008818,REC0013385,0
REC0001879,REC0009258,0
REC0005037,REC0013822,0
REC0006345,REC0008735,0
REC0008268,REC0008269,1
REC0002415,REC0007970,0
REC0010924,REC0010925,1
REC0003720,REC0006735,0
REC0001317,REC0010108,0
REC0000888,REC0013579,0
REC0000680,REC0000681,1
REC0002372,REC0003176,0
REC0004057,REC0013690,0
REC0009867,REC0012024,0
REC0006734,REC0008270,0
REC0004847,REC0004848,1
REC0007860,REC0007861,1
REC0002157,REC0002158,1
REC0006580,REC0014404,0
REC0003761,REC0003762,1
REC0001319,REC0004380,0
REC0003947,REC0003949,1
REC0003169,REC0003170,1
REC0012670,REC0012671,1
REC0004548,REC0007858,0
REC0003835,REC0003836,1
REC0006243,REC0011017,0
REC0004400,REC0008052,0
REC0000226,REC0012427,0
REC0006747,REC0006749,1
REC0006374,REC0011697,0
REC0012388,REC0012389,1
REC0005380,REC0009694,0
REC0006579,REC0014062,0
REC0001409,REC0001411,1
REC0008081,REC0008082,1
REC0001472,REC0001473,1
REC0001042,REC0002922,0
REC0002953,REC0003237,0
REC0014118,REC0014119,1
REC0001867,REC0004348,0
REC0002497,REC0005678,0
REC0004555,REC0010991,0
REC0013877,REC0014355,0
REC0005580,REC0009663,0
REC0008834,REC0008835,1
REC0001500,REC0001501,1
REC0012485,REC0012486,1
REC0013147,REC0013810,0
REC0001265,REC0001266,1
REC0013544,REC0013545,1
REC0003359,REC0003738,0
REC0008925,REC0010284,0
REC0002942,REC0014585,0
REC0008210,REC0009282,0
REC0004113,REC0008705,0
REC0012705,REC0012706,1
REC0012171,REC0012611,0
REC0006638,REC0006874,0
REC0002382,REC0014201,0
REC0001808,REC0009004,0
REC0001393,REC0001394,1
REC0005264,REC0007286,0
REC0001521,REC0001522,1
REC0003594,REC0003595,1
REC0004547,REC0014287,0
REC0002814,REC0010064,0
REC0010053,REC0010610,0
REC0005723,REC0010981,0
REC0005537,REC0008658,0
REC0008562,REC0012671,0
REC0009236,REC0009237,1
REC0000359,REC0000360,1
REC0009363,REC0010736,0
REC0005883,REC0007286,0
REC0011401,REC0012890,0
REC0008319,REC0012923,0
REC0007418,REC0007420,1
REC0003988,REC0007691,0
REC0000947,REC0001831,0
REC0005214,REC0007407,0
REC0006325,REC0006326,1
REC0003399,REC0008595,0
REC0002671,REC0014350,0
REC0007592,REC0007593,1
REC0013090,REC0013091,1
REC0006993,REC0006994,1
REC0014435,REC0014436,1
REC0000374,REC0006619,0
REC0007263,REC0007264,1
REC0002582,REC0014701,0
REC0008409,REC0008410,1
REC0000453,REC0010969,0
REC0003710,REC0007286,0
REC0003685,REC0003686,1
REC0003906,REC0012009,0
REC0004269,REC0007841,0
REC0002591,REC0008980,0
REC0013020,REC0013021,1
REC0000900,REC0000902,1
REC0008198,REC0013829,0
REC0008208,REC0008209,1
REC0003094,REC0009752,0
REC0006612,REC0014712,0
REC0003329,REC0008129,0
REC0005383,REC0005384,1
REC0008649,REC0014769,0
REC0011875,REC0013542,0
REC0001904,REC0001905,1
REC0003679,REC0003681,1
REC0003230,REC0014402,0
REC0004539,REC0014520,0
REC0010955,REC0010957,1
REC0013991,REC0013992,1
REC0002519,REC0008661,0
REC0000183,REC0006735,0
REC0001015,REC0001991,0
REC0005632,REC0005633,1
REC0002567,REC0007373,0
REC0002050,REC0005686,0
REC0006359,REC0009310,0
REC0003056,REC0009058,0
REC0000254,REC0012569,0
REC0011742,REC0012353,0
REC0003449,REC0003451,1
REC0003558,REC0003713,0
REC0009650,REC0009651,1
REC0000921,REC0005708,0
REC0005380,REC0008982,0
REC0000808,REC0002949,0
REC0002734,REC0008312,0
REC0010557,REC0013866,0
REC0007753,REC0013495,0
REC0014350,REC0014352,1
REC0013913,REC0014008,0
REC0014423,REC0014424,1
REC0002976,REC0010605,0
REC0005618,REC0005619,1
REC0001446,REC0013468,0
REC0011372,REC0014870,0
REC0002726,REC0014724,0
REC0006550,REC0010599,0
REC0007013,REC0008305,0
REC0009329,REC0010385,0
REC0008471,REC0014073,0
REC0000540,REC0014812,0
REC0010786,REC0012266,0
REC0008408,REC0008409,1
REC0000685,REC0010142,0
REC0012292,REC0014553,0
REC0009655,REC0013928,0
REC0008772,REC0014604,0
REC0001343,REC0010000,0
REC0001635,REC0007332,0
REC0003041,REC0005352,0
REC0007754,REC0010482,0
REC0004484,REC0004485,1
REC0002737,REC0002738,1
REC0003725,REC0009088,0
REC0012963,REC0014162,0
REC0001315,REC0002239,0
REC0004700,REC0004701,1
REC0003725,REC0003726,1
REC0003898,REC0003899,1
REC0000915,REC0000916,1
REC0000526,REC0000527,1
REC0000637,REC0005331,0
REC0008675,REC0008676,1
REC0006959,REC0012309,0
REC0014070,REC0014918,0
REC0007813,REC0010979,0
REC0009156,REC0009157,1
REC0011900,REC0015018,0
REC0001079,REC0008192,0
REC0001860,REC0009949,0
REC0004542,REC0012915,0
REC0014155,REC0014729,0
REC0012542,REC0012543,1
REC0000460,REC0005312,0
REC0010442,REC0010443,1
REC0003364,REC0003365,1
REC0011796,REC0011797,1
REC0010880,REC0010881,1
REC0004749,REC0004750,1
REC0000873,REC0001974,0
REC0000111,REC0007654,0
REC0003613,REC0004035,0
REC0014145,REC0014146,1
REC0006877,REC0011801,0
REC0000211,REC0012200,0
REC0010668,REC0014396,0
REC0003818,REC0003819,1
REC0011981,REC0011982,1
REC0001480,REC0008380,0
REC0004529,REC0008271,0
REC0000163,REC0005538,0
REC0001821,REC0007434,0
REC0001982,REC0002085,0
REC0000581,REC0005542,0
REC0002710,REC0008389,0
REC0011257,REC0011531,0
REC0009919,REC0009920,1
REC0003330,REC0012578,0
REC0006780,REC0012792,0
REC0005491,REC0005492,1
REC0001947,REC0003116,0
REC0004227,REC0004228,1
REC0006239,REC0006353,0
REC0002058,REC0009286,0
REC0004079,REC0004080,1
REC0005315,REC0012856,0
REC0010780,REC0010781,1
REC0001589,REC0010811,0
REC0003169,REC0007911,0
REC0010595,REC0011205,0
REC0014500,REC0014501,1
REC0003683,REC0004670,0
REC0002562,REC0011405,0
REC0004102,REC0006656,0
REC0009233,REC0013823,0
REC0012605,REC0012606,1
REC0004082,REC0004083,1
REC0006259,REC0008842,0
REC0008303,REC0008304,1
REC0009041,REC0010319,0
REC0006070,REC0012583,0
REC0000503,REC0014302,0
REC0014671,REC0014672,1
REC0012158,REC0012159,1
REC0011229,REC0014677,0
REC0003375,REC0006447,0
REC0005748,REC0005749,1
REC0012989,REC0013661,0
REC0001945,REC0006245,0
REC0001373,REC0009951,0
REC0012251,REC0013915,0
REC0012740,REC0013404,0
REC0005499,REC0006430,0
REC0003701,REC0007484,0
REC0000042,REC0011418,0
REC0004690,REC0012313,0
REC0011162,REC0011163,1
REC0003589,REC0009206,0
REC0003694,REC0010122,0
REC0005607,REC0010604,0
REC0005234,REC0005593,0
REC0000905,REC0001663,0
REC0003597,REC0010527,0
REC0000435,REC0008397,0
REC0008386,REC0008387,1
REC0009786,REC0012482,0
REC0000613,REC0010867,0
REC0003677,REC0010419,0
REC0013152,REC0013153,1
REC0002461,REC0002462,1
REC0006364,REC0006366,1
REC0004040,REC0008835,0
REC0005910,REC0008647,0
REC0009027,REC0012726,0
REC0001483,REC0001525,0
REC0002999,REC0009947,0
REC0014521,REC0014522,1
REC0009653,REC0013928,0
REC0004915,REC0014855,0
REC0003877,REC0014242,0
REC0001016,REC0011927,0
REC0001559,REC0008654,0
REC0000585,REC0013229,0
REC0012786,REC0012787,1
REC0000326,REC0007318,0
REC0004197,REC0013009,0
REC0005823,REC0005824,1
REC0014702,REC0014703,1
REC0002156,REC0006529,0
REC0010895,REC0014525,0
REC0002805,REC0002806,1
REC0013134,REC0013135,1
REC0010194,REC0010195,1
REC0001322,REC0012219,0
REC0002140,REC0009721,0
REC0012319,REC0012321,1
REC0001251,REC0006318,0
REC0006493,REC0014228,0
REC0007093,REC0007094,1
REC0007913,REC0013163,0
REC0011657,REC0011658,1
REC0004250,REC0010568,0
REC0014403,REC0014404,1
REC0003066,REC0003823,0
REC0001517,REC0014362,0
REC0004522,REC0006768,0
REC0005474,REC0005475,1
REC0007749,REC0012334,0
REC0004323,REC0004324,1
REC0006987,REC0012036,0
REC0000544,REC0000545,1
REC0003968,REC0003969,1
REC0011352,REC0011353,1
REC0005117,REC0005242,0
REC0000818,REC0000819,1
REC0007099,REC0008649,0
REC0002736,REC0012367,0
REC0004112,REC0004113,1
REC0000003,REC0007498,0
REC0006648,REC0011133,0
REC0002259,REC0005039,0
REC0011338,REC0011339,1
REC0006795,REC0010290,0
REC0012898,REC0012899,1
REC0000412,REC0002641,0
REC0009531,REC0015023,0
REC0005730,REC0012875,0
REC0005799,REC0009078,0
REC0007453,REC0010936,0
REC0007696,REC0007991,0
REC0011330,REC0011331,1
REC0004827,REC0004828,1
REC0007177,REC0010838,0
REC0001361,REC0001363,1
REC0007485,REC0007487,1
REC0001542,REC0004359,0
REC0012347,REC0012348,1
REC0003618,REC0004201,0
REC0000748,REC0002126,0
REC0004119,REC0004859,0
REC0001218,REC0007923,0
REC0004445,REC0013044,0
REC0003765,REC0004498,0
REC0000981,REC0007865,0
REC0001540,REC0010266,0
REC0001397,REC0011261,0
REC0008573,REC0010041,0
REC0009450,REC0009451,1
REC0002962,REC0002992,0
REC0001248,REC0002167,0
REC0000782,REC0011007,0
REC0008219,REC0008220,1
REC0006440,REC0013895,0
REC0006156,REC0007003,0
REC0004979,REC0012383,0
REC0002601,REC0002602,1
REC0003335,REC0012622,0
REC0004735,REC0004736,1
REC0004661,REC0011589,0
REC0005967,REC0013687,0
REC0001181,REC0011795,0
REC0008705,REC0009303,0
REC0000790,REC0000792,1
REC0000965,REC0000966,1
REC0012141,REC0012231,0
REC0003209,REC0005532,0
REC0004194,REC0010579,0
REC0013299,REC0013300,1
REC0008140,REC0011566,0
REC0010936,REC0010937,1
REC0005378,REC0005379,1
REC0006051,REC0010038,0
REC0003164,REC0003726,0
REC0003449,REC0014352,0
REC0002875,REC0005068,0
REC0002628,REC0009978,0
REC0000762,REC0004142,0
REC0002970,REC0007706,0
REC0003121,REC0014007,0
REC0014846,REC0014848,1
REC0004302,REC0009654,0
REC0001527,REC0004931,0
REC0001495,REC0012593,0
REC0001809,REC0007507,0
REC0007439,REC0008799,0
REC0004281,REC0005976,0
REC0002347,REC0008536,0
REC0009312,REC0010588,0
REC0004503,REC0010782,0
REC0003710,REC0003711,1
REC0001127,REC0009023,0
REC0005843,REC0014741,0
REC0011563,REC0011564,1
REC0001068,REC0014690,0
REC0011910,REC0011911,1
REC0003272,REC0006058,0
REC0001427,REC0010426,0
REC0010545,REC0010546,1
REC0002795,REC0002796,1
REC0012569,REC0012571,1
REC0001302,REC0008281,0
REC0000223,REC0003718,0
REC0004863,REC0005592,0
REC0001747,REC0009250,0
REC0002626,REC0002627,1
REC0007235,REC0012769,0
REC0011625,REC0011626,1
REC0000282,REC0000283,1
REC0006189,REC0011668,0
REC0006141,REC0013123,0
REC0007637,REC0007638,1
REC0003597,REC0007314,0
REC0005474,REC0010075,0
REC0006610,REC0006611,1
REC0002632,REC0004568,0
REC0001216,REC0012163,0
REC0003550,REC0003551,1
REC0007220,REC0009930,0
REC0007703,REC0008611,0
REC0009913,REC0012279,0
REC0004319,REC0004320,1
REC0004845,REC0012815,0
REC0010557,REC0010646,0
REC0000125,REC0011867,0
REC0007069,REC0013438,0
REC0011495,REC0013626,0
REC0003390,REC0009704,0
REC0001013,REC0001014,1
REC0007732,REC0013366,0
REC0005612,REC0005613,1
REC0014247,REC0014248,1
REC0005572,REC0005856,0
REC0011803,REC0011804,1
REC0005507,REC0014771,0
REC0000247,REC0000248,1
REC0000912,REC0009607,0
REC0004938,REC0006575,0
REC0000473,REC0013530,0
REC0003473,REC0006604,0
REC0010368,REC0011889,0
REC0006663,REC0006664,1
REC0002655,REC0002658,0
REC0004607,REC0014438,0
REC0004014,REC0013745,0
REC0008466,REC0008467,1
REC0006594,REC0009603,0
REC0000234,REC0014591,0
REC0008733,REC0008734,1
REC0004272,REC0008218,0
REC0002791,REC0003749,0
REC0007437,REC0010141,0
REC0006664,REC0006665,1
REC0002912,REC0002913,1
REC0007466,REC0013852,0
REC0009341,REC0013880,0
REC0003881,REC0003882,1
REC0003339,REC0009285,0
REC0012037,REC0012038,1
REC0014390,REC0014391,1
REC0013089,REC0013090,1
REC0003240,REC0010946,0
REC0011820,REC0011821,1
REC0002247,REC0004886,0
REC0010214,REC0014418,0
REC0000009,REC0000010,1
REC0010682,REC0010684,1
REC0002518,REC0004835,0
REC0007909,REC0007910,1
REC0009099,REC0013331,0
REC0001002,REC0008108,0
REC0002286,REC0002287,1
REC0007699,REC0010152,0
REC0009799,REC0013023,0
REC0002339,REC0010071,0
REC0000695,REC0002968,0
REC0014060,REC0014062,1
REC0007604,REC0008570,0
REC0003194,REC0003196,1
REC0005646,REC0010031,0
REC0010521,REC0010522,1
REC0002963,REC0007985,0
REC0000271,REC0007539,0
REC0011586,REC0011587,1
REC0001762,REC0013842,0
REC0002876,REC0008706,0
REC0000293,REC0004672,0
REC0003818,REC0005940,0
REC0000446,REC0004348,0
REC0012399,REC0014637,0
REC0004531,REC0013692,0
REC0005463,REC0005464,1
REC0009455,REC0009456,1
REC0013260,REC0014116,0
REC0005325,REC0008224,0
REC0002191,REC0003545,0
REC0005835,REC0008468,0
REC0007904,REC0010251,0
REC0000708,REC0009845,0
REC0004043,REC0008774,0
REC0001643,REC0012384,0
REC0006045,REC0009494,0
REC0003494,REC0013847,0
REC0009829,REC0012491,0
REC0006703,REC0012240,0
REC0009676,REC0013185,0
REC0004862,REC0008893,0
REC0002276,REC0005255,0
REC0009379,REC0011673,0
REC0011635,REC0012160,0
REC0000380,REC0012623,0
REC0007228,REC0007229,1
REC0007140,REC0013516,0
REC0001416,REC0006948,0
REC0003163,REC0009783,0
REC0007800,REC0014129,0
REC0004758,REC0004759,1
REC0005139,REC0013082,0
REC0011351,REC0014596,0
REC0011081,REC0011082,1
REC0001091,REC0006472,0
REC0008018,REC0008019,1
REC0001182,REC0001183,1
REC0002544,REC0005168,0
REC0006903,REC0009658,0
REC0007214,REC0013677,0
REC0000921,REC0000922,1
REC0003585,REC0003586,1
REC0007134,REC0012566,0
REC0010625,REC0013084,0
REC0008339,REC0014358,0
REC0004085,REC0011238,0
REC0004172,REC0010264,0
REC0002257,REC0009577,0
REC0009235,REC0014208,0
REC0003577,REC0014924,0
REC0000036,REC0007509,0
REC0012117,REC0012118,1
REC0010248,REC0012381,0
REC0002161,REC0012831,0
REC0002770,REC0008723,0
REC0002969,REC0011698,0
REC0007423,REC0009846,0
REC0011758,REC0011759,1
REC0002112,REC0010992,0
REC0001115,REC0001116,1
REC0003261,REC0013340,0
REC0002761,REC0012118,0
REC0013467,REC0013468,1
REC0001981,REC0007601,0
REC0002460,REC0002773,0
REC0004098,REC0004099,1
REC0001701,REC0008139,0
REC0003257,REC0003499,0
REC0001476,REC0012698,0
REC0000544,REC0007974,0
REC0000159,REC0012445,0
REC0010331,REC0012649,0
REC0013212,REC0014918,0
REC0007247,REC0014541,0
REC0006569,REC0012218,0
REC0010874,REC0010875,1
REC0002238,REC0014268,0
REC0004959,REC0008530,0
REC0000533,REC0006822,0
REC0000701,REC0000702,1
REC0001948,REC0009386,0
REC0010313,REC0010314,1
REC0010148,REC0010149,1
REC0003531,REC0014003,0
REC0000531,REC0014040,0
REC0007752,REC0007753,1
REC0013844,REC0013989,0
REC0000473,REC0010002,0
REC0000558,REC0000559,1
REC0001354,REC0001588,0
REC0009149,REC0011478,0
REC0000522,REC0007779,0
REC0002167,REC0002168,1
REC0004347,REC0014648,0
REC0003164,REC0003165,1
REC0005680,REC0013118,0
REC0010199,REC0011613,0
REC0002138,REC0008576,0
REC0013916,REC0013917,1
REC0004838,REC0007898,0
REC0002782,REC0003280,0
REC0003938,REC0013553,0
REC0002575,REC0002577,1
REC0001171,REC0010871,0
REC0002187,REC0005559,0
REC0014173,REC0014727,0
REC0007345,REC0007346,1
REC0005786,REC0009560,0
REC0008015,REC0012420,0
REC0012202,REC0012203,1
REC0000269,REC0002203,0
REC0007611,REC0007612,1
REC0005512,REC0014131,0
REC0002247,REC0010899,0
REC0003422,REC0012225,0
REC0000935,REC0013552,0
REC0013336,REC0013337,1
REC0003391,REC0004421,0
REC0000433,REC0000434,1
REC0010376,REC0010377,1
REC0012089,REC0012090,1
REC0007686,REC0014703,0
REC0001305,REC0004814,0
REC0011696,REC0011697,1
REC0001845,REC0013268,0
REC0004461,REC0004462,1
REC0000638,REC0000639,1
REC0004731,REC0013592,0
REC0014180,REC0014493,0
REC0012923,REC0012924,1
REC0004063,REC0008706,0
REC0005252,REC0005253,1
REC0008709,REC0012904,0
REC0009272,REC0013254,0
REC0005210,REC0011075,0
REC0002435,REC0002436,1
REC0001973,REC0012285,0
REC0010331,REC0012357,0
REC0001970,REC0010240,0
REC0006654,REC0011929,0
REC0006275,REC0014396,0
REC0012688,REC0014026,0
REC0006623,REC0014041,0
REC0002623,REC0005198,0
REC0013068,REC0014044,0
REC0005944,REC0014323,0
REC0010468,REC0010469,1
REC0000718,REC0005133,0
REC0009818,REC0009819,1
REC0000942,REC0000943,1
REC0012301,REC0013528,0
REC0002735,REC0006934,0
REC0000769,REC0013690,0
REC0003525,REC0003526,1
REC0005794,REC0012214,0
REC0008397,REC0012055,0
REC0009275,REC0009276,1
REC0001877,REC0002245,0
REC0003824,REC0005697,0
REC0002775,REC0002776,1
REC0002240,REC0004318,0
REC0006954,REC0007628,0
REC0001021,REC0006110,0
REC0007302,REC0007304,1
REC0000569,REC0000570,1
REC0013494,REC0013495,1
REC0014825,REC0014928,0
REC0013849,REC0013850,1
REC0002930,REC0006037,0
REC0014776,REC0014777,1
REC0009598,REC0009599,1
REC0004216,REC0010416,0
REC0007301,REC0012807,0
REC0002776,REC0014380,0
REC0000637,REC0000638,1
REC0002403,REC0008305,0
REC0000206,REC0005589,0
REC0007899,REC0012194,0
REC0002568,REC0014217,0
REC0011562,REC0011563,1
REC0000325,REC0000327,1
REC0005897,REC0005898,1
REC0000499,REC0012667,0
REC0011100,REC0011101,1
REC0002944,REC0002945,1
REC0000658,REC0010223,0
REC0003233,REC0003234,1
REC0002330,REC0005566,0
REC0007429,REC0012101,0
REC0009391,REC0010233,0
REC0001903,REC0001904,1
REC0001754,REC0014890,0
REC0014679,REC0014680,1
REC0000871,REC0011444,0
REC0008376,REC0008377,1
REC0005367,REC0012320,0
REC0011698,REC0011700,1
REC0007670,REC0007671,1
REC0013193,REC0013194,1
REC0012868,REC0012869,1
REC0003743,REC0010213,0
REC0003093,REC0014282,0
REC0005629,REC0013981,0
REC0005788,REC0009454,0
REC0001230,REC0007876,0
REC0002128,REC0002130,1
REC0002150,REC0002151,1
REC0002995,REC0002996,1
REC0000999,REC0001467,0
REC0002584,REC0002585,1
REC0008560,REC0008561,1
REC0004395,REC0004397,1
REC0002843,REC0008392,0
REC0008935,REC0008936,1
REC0000878,REC0007903,0
REC0006799,REC0011696,0
REC0010677,REC0010678,1
REC0007622,REC0013800,0
REC0006448,REC0008673,0
REC0004304,REC0007945,0
REC0003745,REC0012102,0
REC0005924,REC0005925,1
REC0011076,REC0012441,0
REC0006768,REC0006769,1
REC0005784,REC0005785,1
REC0009372,REC0014782,0
REC0008711,REC0012396,0
REC0006875,REC0006876,1
REC0003971,REC0008178,0
REC0009190,REC0011135,0
REC0005814,REC0005815,1
REC0003066,REC0009990,0
REC0013608,REC0013610,1
REC0004638,REC0013753,0
REC0003641,REC0009238,0
REC0010137,REC0010138,1
REC0001269,REC0006569,0
REC0003619,REC0011249,0
REC0010535,REC0010536,1
REC0006855,REC0014933,0
REC0008392,REC0012079,0
REC0012576,REC0012577,1
REC0000630,REC0014172,0
REC0003561,REC0005410,0
REC0003809,REC0010061,0
REC0005508,REC0011967,0
REC0001405,REC0008117,0
REC0000739,REC0000740,1
REC0012666,REC0012667,1
REC0004615,REC0005342,0
REC0009354,REC0009355,1
REC0002500,REC0003781,0
REC0011893,REC0012163,0
REC0010197,REC0010198,1
REC0001095,REC0011674,0
REC0003143,REC0003687,0
REC0006264,REC0007037,0
REC0010913,REC0010915,1
REC0007864,REC0009399,0
REC0001007,REC0004169,0
REC0003714,REC0003715,1
REC0002401,REC0003047,0
REC0003039,REC0007089,0
REC0007816,REC0012989,0
REC0000515,REC0009623,0
REC0008743,REC0013561,0
REC0004780,REC0011612,0
REC0005806,REC0006858,0
REC0004180,REC0010869,0
REC0002669,REC0010755,0
REC0005950,REC0005951,1
REC0007968,REC0007969,1
REC0002689,REC0014388,0
REC0006317,REC0007844,0
REC0005510,REC0007093,0
REC0008159,REC0008160,1
REC0004521,REC0008126,0
REC0006280,REC0009059,0
REC0012211,REC0012213,1
REC0003369,REC0005431,0
REC0000843,REC0000845,1
REC0004337,REC0005134,0
REC0009407,REC0009408,1
REC0008331,REC0012908,0
REC0002177,REC0007574,0
REC0008594,REC0008595,1
REC0000419,REC0000420,1
REC0003576,REC0003577,1
REC0007442,REC0008578,0
REC0001864,REC0002091,0
REC0003463,REC0012564,0
REC0000636,REC0004162,0
REC0004227,REC0006639,0
REC0001291,REC0001292,1
REC0010896,REC0013027,0
REC0003013,REC0011037,0
REC0002606,REC0002607,1
REC0013222,REC0013223,1
REC0008137,REC0008138,1
REC0005537,REC0005538,1
REC0007180,REC0014646,0
REC0002099,REC0012242,0
REC0013562,REC0013564,1
REC0001885,REC0005149,0
REC0008472,REC0011118,0
REC0006098,REC0006902,0
REC0011923,REC0011924,1
REC0003951,REC0014959,0
REC0004463,REC0010822,0
REC0010361,REC0010362,1
REC0011291,REC0014878,0
REC0005159,REC0005837,0
REC0003107,REC0009248,0
REC0012592,REC0014519,0
REC0003040,REC0003243,0
REC0007008,REC0010504,0
REC0001824,REC0014470,0
REC0011598,REC0012260,0
REC0005727,REC0010112,0
REC0007095,REC0012008,0
REC0006464,REC0006499,0
REC0002187,REC0009293,0
REC0002045,REC0008545,0
REC0011268,REC0013487,0
REC0010887,REC0010888,1
REC0000798,REC0013656,0
REC0007122,REC0007552,0
REC0009021,REC0009151,0
REC0009890,REC0009891,1
REC0000352,REC0009297,0
REC0011717,REC0011718,1
REC0006731,REC0006732,1
REC0002909,REC0012573,0
REC0007084,REC0011535,0
REC0007534,REC0012016,0
REC0008406,REC0012447,0
REC0001839,REC0011215,0
REC0011860,REC0011861,1
REC0010620,REC0013797,0
REC0013807,REC0013906,0
REC0000872,REC0008985,0
REC0010933,REC0010934,1
REC0008329,REC0011939,0
REC0001482,REC0013376,0
REC0001784,REC0003982,0
REC0006807,REC0009019,0
REC0007242,REC0010980,0
REC0006875,REC0007870,0
REC0006717,REC0012504,0
REC0009987,REC0011086,0
REC0003347,REC0010549,0
REC0003517,REC0007050,0
REC0010934,REC0010947,0
REC0002225,REC0002226,1
REC0005676,REC0013179,0
REC0004878,REC0005573,0
REC0003602,REC0007388,0
REC0006167,REC0006168,1
REC0010838,REC0010860,0
REC0006538,REC0011110,0
REC0012472,REC0012473,1
REC0000502,REC0013513,0
REC0000599,REC0000600,1
REC0003004,REC0008470,0
REC0013849,REC0014524,0
REC0005647,REC0014250,0
REC0010951,REC0010952,1
REC0004714,REC0013461,0
REC0007041,REC0007556,0
REC0008288,REC0008773,0
REC0004985,REC0013690,0
REC0005945,REC0012537,0
REC0005163,REC0006506,0
REC0006484,REC0006485,1
REC0012162,REC0014435,0
REC0007291,REC0010852,0
REC0004646,REC0008360,0
REC0009005,REC0011306,0
REC0000272,REC0000273,1
REC0008500,REC0008622,0
REC0004224,REC0010252,0
REC0003846,REC0003847,1
REC0011788,REC0011789,1
REC0002224,REC0002226,1
REC0014277,REC0014278,1
REC0013351,REC0013352,1
REC0006207,REC0006208,1
REC0000649,REC0000651,1
REC0008608,REC0008609,1
REC0010710,REC0010711,1
REC0014407,REC0014408,1
REC0010843,REC0013191,0
REC0000536,REC0000537,1
REC0000225,REC0014359,0
REC0002171,REC0006115,0
REC0001904,REC0010889,0
REC0014638,REC0014639,1
REC0001375,REC0006098,0
REC0002302,REC0014630,0
REC0009734,REC0014509,0
REC0007910,REC0008134,0
REC0002432,REC0013624,0
REC0014771,REC0014772,1
REC0005228,REC0007612,0
REC0002955,REC0013845,0
REC0001116,REC0013892,0
REC0005725,REC0006704,0
REC0011786,REC0014002,0
REC0006955,REC0008471,0
REC0000124,REC0004652,0
REC0014500,REC0014502,1
REC0003824,REC0010379,0
REC0001943,REC0001944,1
REC0006632,REC0010620,0
REC0005026,REC0008144,0
REC0011204,REC0014118,0
REC0003502,REC0005540,0
REC0012480,REC0012481,1
REC0002857,REC0002858,1
REC0001173,REC0005400,0
REC0002457,REC0008052,0
REC0007697,REC0008076,0
REC0004349,REC0004350,1
REC0001686,REC0001687,1
REC0003629,REC0008315,0
REC0006510,REC0006511,1
REC0010092,REC0010093,1
REC0010773,REC0010774,1
REC0001936,REC0009496,0
REC0004334,REC0004335,1
REC0004501,REC0007604,0
REC0006781,REC0010725,0
REC0013453,REC0013454,1
REC0001511,REC0005769,0
REC0009024,REC0010160,0
REC0003967,REC0004739,0
REC0000787,REC0005985,0
REC0005630,REC0005631,1
REC0008172,REC0008173,1
REC0013006,REC0013007,1
REC0002642,REC0007295,0
REC0011465,REC0011466,1
REC0005930,REC0005985,0
REC0008542,REC0008543,1
REC0000241,REC0000242,1
REC0001179,REC0002612,0
REC0001602,REC0001604,1
REC0005003,REC0005005,1
REC0013174,REC0014274,0
REC0010532,REC0012533,0
REC0005023,REC0013146,0
REC0005583,REC0013239,0
REC0000734,REC0007363,0
REC0003777,REC0013304,0
REC0003370,REC0009379,0
REC0006481,REC0007191,0
REC0014165,REC0014648,0
REC0000843,REC0000844,1
REC0008498,REC0008499,1
REC0004772,REC0004774,1
REC0007935,REC0010343,0
REC0002258,REC0013504,0
REC0006805,REC0006806,1
REC0010308,REC0010310,1
REC0001403,REC0009137,0
REC0005945,REC0005946,1
REC0004236,REC0006200,0
REC0006501,REC0007755,0
REC0009505,REC0012420,0
REC0003040,REC0014725,0
REC0004345,REC0008782,0
REC0002955,REC0002956,1
REC0000375,REC0005516,0
REC0008053,REC0011461,0
REC0009354,REC0013210,0
REC0007399,REC0007400,1
REC0002208,REC0002209,1
REC0000818,REC0000820,1
REC0012709,REC0014601,0
REC0012592,REC0013282,0
REC0004368,REC0004370,1
REC0005826,REC0012929,0
REC0008573,REC0008574,1
REC0010342,REC0013715,0
REC0003864,REC0012334,0
REC0003092,REC0010201,0
REC0006899,REC0013877,0
REC0004388,REC0006016,0
REC0011467,REC0011468,1
REC0004794,REC0004795,1
REC0008937,REC0011297,0
REC0011627,REC0011655,0
REC0007845,REC0007846,1
REC0006509,REC0014769,0
REC0002541,REC0005085,0
REC0013231,REC0013232,1
REC0001079,REC0008281,0
REC0007952,REC0011460,0
REC0000755,REC0000756,1
REC0010209,REC0013697,0
REC0007193,REC0012918,0
REC0003180,REC0008048,0
REC0000320,REC0011740,0
REC0011543,REC0011544,1
REC0012527,REC0012528,1
REC0005573,REC0009623,0
REC0003541,REC0009192,0
REC0007148,REC0008143,0
REC0011616,REC0013192,0
REC0002229,REC0002230,1
REC0004595,REC0013444,0
REC0007367,REC0008081,0
REC0003576,REC0004972,0
REC0008171,REC0008172,1
REC0004043,REC0004968,0
REC0003430,REC0004855,0
REC0007642,REC0011813,0
REC0009761,REC0014213,0
REC0008868,REC0014955,0
REC0001400,REC0001402,1
REC0004463,REC0007466,0
REC0003498,REC0003545,0
REC0009168,REC0010583,0
REC0009986,REC0011572,0
REC0006593,REC0009964,0
REC0011170,REC0012269,0
REC0012417,REC0013518,0
REC0002972,REC0004577,0
REC0000969,REC0000970,1
REC0000899,REC0008900,0
REC0004918,REC0004920,1
REC0007316,REC0008723,0
REC0012407,REC0012408,1
REC0005537,REC0014499,0
REC0001385,REC0001386,1
REC0008273,REC0008274,1
REC0001266,REC0004709,0
REC0008905,REC0008906,1
REC0014561,REC0014562,1
REC0012641,REC0012643,1
REC0002310,REC0006724,0
REC0003499,REC0012388,0
REC0002220,REC0003702,0
REC0014034,REC0014035,1
REC0002081,REC0009220,0
REC0001123,REC0010838,0
REC0008900,REC0008901,1
REC0006523,REC0008268,0
REC0007570,REC0014122,0
REC0002357,REC0011615,0
REC0001661,REC0001662,1
REC0004631,REC0012688,0
REC0004744,REC0006849,0
REC0001034,REC0010557,0
REC0014226,REC0014227,1
REC0004917,REC0010168,0
REC0012314,REC0012316,1
REC0007505,REC0012946,0
REC0005637,REC0008226,0
REC0007874,REC0009392,0
REC0003503,REC0005013,0
REC0000536,REC0005311,0
REC0006941,REC0010708,0
REC0003966,REC0011794,0
REC0008382,REC0014824,0
REC0001749,REC0014384,0
REC0001187,REC0001188,1
REC0009021,REC0009497,0
REC0004204,REC0005373,0
REC0001825,REC0014147,0
REC0001283,REC0001284,1
REC0014655,REC0014656,1
REC0011187,REC0011188,1
REC0001339,REC0001340,1
REC0010926,REC0014149,0
REC0013849,REC0013851,1
REC0010013,REC0012822,0
REC0000332,REC0008742,0
REC0006346,REC0008270,0
REC0005611,REC0014318,0
REC0003416,REC0007777,0
REC0011262,REC0014733,0
REC0001779,REC0013978,0
REC0005246,REC0013973,0
REC0004249,REC0014956,0
REC0001251,REC0001252,1
REC0003096,REC0004918,0
REC0004671,REC0008253,0
REC0000563,REC0002135,0
REC0013437,REC0013438,1
REC0001592,REC0007444,0
REC0002152,REC0006735,0
REC0002037,REC0010475,0
REC0014484,REC0014485,1
REC0006070,REC0006071,1
REC0009670,REC0010607,0
REC0001593,REC0003489,0
REC0009209,REC0014611,0
REC0003431,REC0009746,0
REC0001170,REC0001879,0
REC0000424,REC0000425,1
REC0003775,REC0003776,1
REC0007393,REC0012785,0
REC0010806,REC0011883,0
REC0001261,REC0007043,0
REC0005586,REC0013216,0
REC0004681,REC0012208,0
REC0009150,REC0009151,1
REC0002605,REC0007516,0
REC0003253,REC0012294,0
REC0011017,REC0011018,1
REC0001967,REC0007371,0
REC0010464,REC0010465,1
REC0000322,REC0006975,0
REC0007847,REC0009274,0
REC0008784,REC0013616,0
REC0006093,REC0006354,0
REC0001144,REC0003251,0
REC0006003,REC0007646,0
REC0000604,REC0010921,0
REC0002295,REC0014016,0
REC0004092,REC0014875,0
REC0002734,REC0005461,0
REC0009838,REC0013742,0
REC0000600,REC0007856,0
REC0005311,REC0005312,1
REC0000677,REC0013404,0
REC0009854,REC0010896,0
REC0004599,REC0004600,1
REC0001659,REC0004325,0
REC0006718,REC0009045,0
REC0004978,REC0013041,0
REC0006973,REC0013549,0
REC0001601,REC0007335,0
REC0010120,REC0014165,0
REC0008075,REC0012493,0
REC0000231,REC0002994,0
REC0009691,REC0009692,1
REC0013597,REC0013598,1
REC0004794,REC0004796,1
REC0001887,REC0005338,0
REC0002996,REC0002997,1
REC0008254,REC0014128,0
REC0002241,REC0005307,0
REC0001748,REC0003054,0
REC0000338,REC0008728,0
REC0006470,REC0012694,0
REC0012497,REC0012498,1
REC0002589,REC0012082,0
REC0007196,REC0010982,0
REC0009196,REC0012913,0
REC0007025,REC0008737,0
REC0001211,REC0007123,0
REC0002715,REC0002716,1
REC0011023,REC0011024,1
REC0007443,REC0007879,0
REC0006086,REC0010603,0
REC0001497,REC0011154,0
REC0004359,REC0006701,0
REC0011969,REC0011970,1
REC0006034,REC0014917,0
REC0004354,REC0012385,0
REC0009757,REC0009759,1
REC0006597,REC0014940,0
REC0001713,REC0003983,0
REC0014979,REC0014980,1
REC0012234,REC0013600,0
REC0012594,REC0012595,1
REC0006102,REC0014738,0
REC0002702,REC0014716,0
REC0007486,REC0007487,1
REC0005123,REC0009075,0
REC0002926,REC0011116,0
REC0013306,REC0013307,1
REC0005923,REC0006750,0
REC0005714,REC0006406,0
REC0009266,REC0009353,0
REC0000846,REC0007930,0
REC0011304,REC0011305,1
REC0002211,REC0013167,0
REC0010682,REC0010683,1
REC0003484,REC0010194,0
REC0002952,REC0011025,0
REC0009974,REC0009975,1
REC0002100,REC0003012,0
REC0009979,REC0009980,1
REC0000472,REC0005783,0
REC0000083,REC0008644,0
REC0008748,REC0012287,0
REC0003889,REC0014256,0
REC0000269,REC0007584,0
REC0008556,REC0009263,0
REC0002838,REC0004432,0
REC0014049,REC0014050,1
REC0000425,REC0000426,1
REC0000725,REC0009606,0
REC0012652,REC0012653,1
REC0001329,REC0006277,0
REC0002122,REC0012894,0
REC0005292,REC0012333,0
REC0003130,REC0012454,0
REC0011682,REC0014395,0
REC0003755,REC0014607,0
REC0009047,REC0009048,1
REC0002273,REC0006343,0
REC0011422,REC0011423,1
REC0002249,REC0005014,0
REC0000467,REC0010515,0
REC0014460,REC0014462,1
REC0002228,REC0002230,1
REC0005370,REC0010454,0
REC0000822,REC0012579,0
REC0013093,REC0013094,1
REC0001142,REC0001143,1
REC0003644,REC0012051,0
REC0010346,REC0014811,0
REC0008605,REC0009438,0
REC0003120,REC0003584,0
REC0002371,REC0007210,0
REC0001067,REC0003404,0
REC0001758,REC0003134,0
REC0001547,REC0010933,0
REC0010602,REC0011484,0
REC0006729,REC0010566,0
REC0008977,REC0008978,1
REC0003822,REC0003823,1
REC0003760,REC0003762,1
REC0006848,REC0011767,0
REC0000997,REC0007832,0
REC0001558,REC0001560,1
REC0000592,REC0012839,0
REC0001812,REC0014638,0
REC0010891,REC0014271,0
REC0003659,REC0006148,0
REC0008698,REC0009057,0
REC0005562,REC0005563,1
REC0008465,REC0008466,1
REC0004015,REC0009309,0
REC0007048,REC0013595,0
REC0001611,REC0014652,0
REC0001637,REC0013098,0
REC0001358,REC0006063,0
REC0004782,REC0008525,0
REC0006838,REC0006839,1
REC0010754,REC0010755,1
REC0002750,REC0008264,0
REC0014527,REC0014528,1
REC0007976,REC0012948,0
REC0014921,REC0014922,1
REC0002147,REC0002148,1
REC0005868,REC0013421,0
REC0005363,REC0006365,0
REC0004845,REC0004846,1
REC0000221,REC0013049,0
REC0003124,REC0005282,0
REC0002749,REC0005458,0
REC0000190,REC0011268,0
REC0000546,REC0011251,0
REC0003927,REC0005976,0
REC0005776,REC0013779,0
REC0005037,REC0013889,0
REC0011289,REC0011290,1
REC0000677,REC0001899,0
REC0003117,REC0008016,0
REC0003517,REC0010154,0
REC0012572,REC0012573,1
REC0012413,REC0013189,0
REC0004013,REC0011849,0
REC0002399,REC0011193,0
REC0012091,REC0014600,0
REC0007592,REC0007594,1
REC0012580,REC0013760,0
REC0005810,REC0014652,0
REC0005609,REC0007891,0
REC0009223,REC0009224,1
REC0007949,REC0007951,1
REC0007389,REC0014374,0
REC0014958,REC0014960,1
REC0001100,REC0010930,0
REC0006918,REC0010427,0
REC0000901,REC0006523,0
REC0007082,REC0007083,1
REC0007690,REC0007691,1
REC0001000,REC0001001,1
REC0003119,REC0005105,0
REC0014140,REC0014693,0
REC0002129,REC0002130,1
REC0002632,REC0011169,0
REC0001408,REC0005350,0
REC0008954,REC0010345,0
REC0006889,REC0011837,0
REC0001570,REC0011470,0
REC0004259,REC0010048,0
REC0000582,REC0003337,0
REC0000630,REC0005184,0
REC0000131,REC0000132,1
REC0002042,REC0007647,0
REC0010868,REC0010869,1
REC0014746,REC0014747,1
REC0007009,REC0008182,0
REC0006711,REC0008497,0
REC0006879,REC0006880,1
REC0003965,REC0007709,0
REC0003916,REC0005621,0
REC0000648,REC0006372,0
REC0001165,REC0007469,0
REC0012683,REC0014627,0
REC0004252,REC0004253,1
REC0011984,REC0011985,1
REC0008257,REC0008258,1
REC0005958,REC0009940,0
REC0005739,REC0011712,0
REC0002098,REC0005436,0
REC0002978,REC0007884,0
REC0004066,REC0013410,0
REC0002224,REC0002225,1
REC0005412,REC0011622,0
REC0007454,REC0012667,0
REC0004787,REC0004788,1
REC0014769,REC0014770,1
REC0000566,REC0005020,0
REC0006770,REC0014300,0
REC0014166,REC0014722,0
REC0006478,REC0014129,0
REC0003914,REC0006530,0
REC0000934,REC0000935,1
REC0003128,REC0009289,0
REC0002759,REC0002760,1
REC0004032,REC0006857,0
REC0014824,REC0014825,1
REC0014057,REC0014058,1
REC0009995,REC0011180,0
REC0001809,REC0012010,0
REC0011438,REC0013673,0
REC0011589,REC0013999,0
REC0004181,REC0007833,0
REC0009950,REC0009951,1
REC0007316,REC0011224,0
REC0006050,REC0007810,0
REC0002149,REC0013120,0
REC0004205,REC0004206,1
REC0001722,REC0005068,0
REC0003163,REC0003165,1
REC0005513,REC0010464,0
REC0009309,REC0012238,0
REC0006986,REC0007858,0
REC0012111,REC0012687,0
REC0012660,REC0012661,1
REC0011588,REC0011589,1
REC0009870,REC0014297,0
REC0010344,REC0013712,0
REC0000196,REC0000197,1
REC0010173,REC0013793,0
REC0007463,REC0013672,0
REC0000590,REC0000704,0
REC0000849,REC0013349,0
REC0009614,REC0014511,0
REC0002795,REC0003748,0
REC0007593,REC0007594,1
REC0012615,REC0012616,1
REC0010005,REC0010006,1
REC0005168,REC0006764,0
REC0002166,REC0005033,0
REC0007566,REC0011865,0
REC0000287,REC0009858,0
REC0001641,REC0005152,0
REC0008929,REC0009325,0
REC0004646,REC0011704,0
REC0001278,REC0008003,0
REC0001004,REC0002061,0
REC0000175,REC0008529,0
REC0001946,REC0010957,0
REC0014523,REC0014524,1
REC0002245,REC0014413,0
REC0007156,REC0008084,0
REC0003365,REC0013007,0
REC0010246,REC0010247,1
REC0001955,REC0013888,0
REC0006104,REC0006105,1
REC0003229,REC0003230,1
REC0004155,REC0008995,0
REC0002178,REC0005449,0
REC0003844,REC0005234,0
REC0010560,REC0010651,0
REC0005525,REC0008412,0
REC0010166,REC0012824,0
REC0001566,REC0005938,0
REC0001517,REC0014361,0
REC0003269,REC0011871,0
REC0002925,REC0002926,1
REC0004741,REC0005793,0
REC0004849,REC0011869,0
REC0001393,REC0002813,0
REC0008146,REC0008147,1
REC0004511,REC0007949,0
REC0011163,REC0012144,0
REC0007840,REC0008136,0
REC0004276,REC0011566,0
REC0003686,REC0013879,0
REC0009440,REC0009442,1
REC0004746,REC0011154,0
REC0007483,REC0007484,1
REC0009441,REC0009442,1
REC0000069,REC0005308,0
REC0000109,REC0001139,0
REC0006854,REC0006855,1
REC0000841,REC0003582,0
REC0014990,REC0014991,1
REC0000377,REC0001780,0
REC0001558,REC0001559,1
REC0009011,REC0010634,0
REC0006428,REC0006430,1
REC0006629,REC0008129,0
REC0003276,REC0010510,0
REC0014495,REC0014496,1
REC0004060,REC0004061,1
REC0004784,REC0010158,0
REC0002642,REC0003906,0
REC0012183,REC0013153,0
REC0007834,REC0007835,1
REC0011008,REC0012350,0
REC0007361,REC0007403,0
REC0007912,REC0007913,1
REC0005220,REC0005221,1
REC0008402,REC0008403,1
REC0012046,REC0012047,1
REC0014280,REC0014281,1
REC0009041,REC0009042,1
REC0008995,REC0008996,1
REC0002769,REC0009082,0
REC0006602,REC0010277,0
REC0004978,REC0014102,0
REC0014553,REC0014554,1
REC0004442,REC0004465,0
REC0002187,REC0009074,0
REC0009317,REC0009318,1
REC0001434,REC0011553,0
REC0001719,REC0001720,1
REC0012598,REC0012599,1
REC0000183,REC0011245,0
REC0001721,REC0002184,0
REC0005840,REC0014084,0
REC0001466,REC0014384,0
REC0000142,REC0003481,0
REC0008195,REC0011891,0
REC0000765,REC0004973,0
REC0008773,REC0012103,0
REC0004437,REC0008197,0
REC0006953,REC0007810,0
REC0006747,REC0006748,1
REC0006212,REC0009541,0
REC0005995,REC0005996,1
REC0003797,REC0014918,0
REC0004432,REC0004433,1
REC0011674,REC0011675,1
REC0009089,REC0014566,0
REC0001512,REC0012329,0
REC0013310,REC0014699,0
REC0002997,REC0010033,0
REC0012935,REC0012936,1
REC0004838,REC0007937,0
REC0011010,REC0012858,0
REC0006471,REC0007354,0
REC0003700,REC0011215,0
REC0012192,REC0012983,0
REC0007258,REC0007259,1
REC0003760,REC0006910,0
REC0005792,REC0008140,0
REC0001381,REC0008803,0
REC0003178,REC0008415,0
REC0008895,REC0012694,0
REC0006486,REC0006802,0
REC0009089,REC0014516,0
REC0005547,REC0006596,0
REC0001078,REC0001079,1
REC0003743,REC0010113,0
REC0002386,REC0009703,0
REC0011838,REC0013521,0
REC0003706,REC0007321,0
REC0000372,REC0001449,0
REC0004392,REC0010098,0
REC0001561,REC0009248,0
REC0010232,REC0012904,0
REC0007342,REC0013332,0
REC0008699,REC0008700,1
REC0005014,REC0012420,0
REC0002022,REC0002023,1
REC0009012,REC0013368,0
REC0003937,REC0006000,0
REC0000514,REC0006061,0
REC0012056,REC0012057,1
REC0007268,REC0009126,0
REC0010014,REC0010015,1
REC0004795,REC0004796,1
REC0009823,REC0009824,1
REC0003580,REC0003582,1
REC0005944,REC0012543,0
REC0001326,REC0004177,0
REC0002543,REC0004646,0
REC0000168,REC0004157,0
REC0007477,REC0012505,0
REC0008728,REC0009872,0
REC0011829,REC0011831,1
REC0009196,REC0010364,0
REC0003274,REC0011854,0
REC0000449,REC0008236,0
REC0005814,REC0007926,0
REC0003846,REC0003848,1
REC0010949,REC0010950,1
REC0011018,REC0012805,0
REC0000057,REC0001567,0
REC0003580,REC0003581,1
REC0008952,REC0013657,0
REC0002783,REC0008536,0
REC0000458,REC0011142,0
REC0010523,REC0010525,1
REC0013379,REC0013535,0
REC0014272,REC0014273,1
REC0008129,REC0008130,1
REC0002113,REC0009580,0
REC0005501,REC0005502,1
REC0011270,REC0011310,0
REC0002000,REC0005396,0
REC0013472,REC0013647,0
REC0001909,REC0003161,0
REC0007951,REC0011515,0
REC0006591,REC0007325,0
REC0011218,REC0012438,0
REC0010473,REC0013952,0
REC0000944,REC0006299,0
REC0004483,REC0004485,1
REC0009126,REC0009401,0
REC0002627,REC0002886,0
REC0005369,REC0005370,1
REC0009596,REC0009666,0
REC0003283,REC0014749,0
REC0002916,REC0003192,0
REC0000278,REC0000279,1
REC0007358,REC0011715,0
REC0002563,REC0009545,0
REC0000790,REC0000791,1
REC0000648,REC0006474,0
REC0007048,REC0007050,1
REC0007051,REC0007052,1
REC0006787,REC0011657,0
REC0007149,REC0014161,0
REC0001458,REC0007655,0
REC0004071,REC0008042,0
REC0002891,REC0005324,0
REC0002669,REC0005718,0
REC0004439,REC0006973,0
REC0010902,REC0011113,0
REC0001551,REC0010695,0
REC0012786,REC0012788,1
REC0001869,REC0001870,1
REC0000376,REC0012114,0
REC0011796,REC0012501,0
REC0001372,REC0010007,0
REC0007049,REC0007050,1
REC0012569,REC0012570,1
REC0001218,REC0014469,0
REC0010029,REC0013073,0
REC0002109,REC0003831,0
REC0001414,REC0009677,0
REC0011333,REC0013116,0
REC0004211,REC0004212,1
REC0005400,REC0005401,1
REC0013368,REC0013369,1
REC0010524,REC0010525,1
REC0007275,REC0013600,0
REC0002982,REC0008903,0
REC0002337,REC0005865,0
REC0009681,REC0009682,1
REC0007079,REC0012764,0
REC0000625,REC0001435,0
REC0006636,REC0006637,1
REC0005447,REC0012204,0
REC0007249,REC0011709,0
REC0002737,REC0010073,0
REC0010910,REC0010911,1
REC0003571,REC0009713,0
REC0007106,REC0011142,0
REC0002847,REC0009600,0
REC0001559,REC0001560,1
REC0001529,REC0002689,0
REC0008397,REC0008587,0
REC0001155,REC0001313,0
REC0009400,REC0009401,1
REC0010065,REC0013650,0
REC0009036,REC0009037,1
REC0000095,REC0004492,0
REC0002451,REC0006643,0
REC0000901,REC0000902,1
REC0010116,REC0010300,0
REC0008348,REC0009285,0
REC0001198,REC0004159,0
REC0014177,REC0014507,0
REC0006009,REC0006010,1
REC0007078,REC0012257,0
REC0001807,REC0001808,1
REC0003838,REC0013371,0
REC0005411,REC0013193,0
REC0003391,REC0009706,0
REC0006642,REC0008138,0
REC0014302,REC0014303,1
REC0010097,REC0010098,1
REC0006270,REC0008267,0
REC0001866,REC0007461,0
REC0001197,REC0001198,1
REC0001479,REC0004280,0
REC0000952,REC0000953,1
REC0010065,REC0010066,1
REC0012978,REC0013950,0
REC0007908,REC0007909,1
REC0012247,REC0013729,0
REC0005031,REC0011199,0
REC0006295,REC0007856,0
REC0002724,REC0004040,0
REC0006990,REC0006992,1
REC0000127,REC0000128,1
REC0002562,REC0004810,0
REC0004719,REC0004720,1
REC0003232,REC0013043,0
REC0012188,REC0012189,1
REC0005010,REC0005125,0
REC0012392,REC0013046,0
REC0005985,REC0007194,0
REC0000824,REC0007482,0
REC0012862,REC0012863,1
REC0010383,REC0010384,1
REC0000128,REC0011934,0
REC0014548,REC0014549,1
REC0005505,REC0005645,0
REC0005714,REC0005715,1
REC0003007,REC0003008,1
REC0007249,REC0009129,0
REC0007158,REC0010075,0
REC0004372,REC0004984,0
REC0005366,REC0005367,1
REC0008960,REC0008961,1
REC0001275,REC0001276,1
REC0010254,REC0011643,0
REC0001637,REC0006414,0
REC0000660,REC0001987,0
REC0013369,REC0013370,1
REC0005006,REC0012532,0
REC0010409,REC0010412,0
REC0003390,REC0011581,0
REC0003779,REC0012389,0
REC0004534,REC0009856,0
REC0010769,REC0013169,0
REC0008117,REC0014105,0
REC0004922,REC0004923,1
REC0012507,REC0012508,1
REC0003146,REC0009622,0
REC0012107,REC0014382,0
REC0004081,REC0004082,1
REC0001702,REC0010948,0
REC0011248,REC0011249,1
REC0006247,REC0009818,0
REC0013217,REC0014511,0
REC0010114,REC0010258,0
REC0009239,REC0012326,0
REC0008510,REC0013957,0
REC0010763,REC0010764,1
REC0000558,REC0000560,1
REC0008349,REC0008350,1
REC0009936,REC0009938,0
REC0014060,REC0014061,1
REC0005135,REC0005309,0
REC0004184,REC0007430,0
REC0003897,REC0003899,1
REC0012759,REC0012760,1
REC0002234,REC0009772,0
REC0002853,REC0013545,0
REC0004315,REC0007136,0
REC0011309,REC0014444,0
REC0006817,REC0007758,0
REC0007074,REC0007623,0
REC0005663,REC0008754,0
REC0009641,REC0010679,0
REC0004473,REC0007309,0
REC0001771,REC0010517,0
REC0006484,REC0010692,0
REC0000781,REC0011247,0
REC0000739,REC0005007,0
REC0006422,REC0006949,0
REC0008689,REC0008690,1
REC0011822,REC0014824,0
REC0003933,REC0011429,0
REC0004691,REC0007130,0
REC0000805,REC0002052,0
REC0007194,REC0007195,1
REC0002911,REC0005739,0
REC0005235,REC0014582,0
REC0002154,REC0012024,0
REC0003630,REC0014332,0
REC0004011,REC0013358,0
REC0004057,REC0004336,0
REC0009905,REC0013624,0
REC0009882,REC0009883,1
REC0005119,REC0014916,0
REC0002041,REC0002898,0
REC0000617,REC0007268,0
REC0002401,REC0002403,1
REC0005330,REC0014169,0
REC0000651,REC0005137,0
REC0005288,REC0005289,1
REC0000125,REC0000224,0
REC0004206,REC0006012,0
REC0006700,REC0006701,1
REC0012746,REC0012936,0
REC0010802,REC0011727,0
REC0001680,REC0003166,0
REC0005285,REC0013627,0
REC0014460,REC0014461,1
REC0003152,REC0011465,0
REC0007640,REC0007641,1
REC0008248,REC0008249,1
REC0001238,REC0001239,1
REC0001279,REC0002279,0
REC0004939,REC0004940,1
REC0014244,REC0014245,1
REC0000798,REC0013072,0
REC0009174,REC0009175,1
REC0004825,REC0009315,0
REC0008543,REC0008544,1
REC0008174,REC0014855,0
REC0011993,REC0011994,1
REC0002845,REC0002846,1
REC0005688,REC0005689,1
REC0002890,REC0003292,0
REC0004348,REC0004350,1
REC0003362,REC0010168,0
REC0012814,REC0012815,1
REC0001346,REC0008247,0
REC0000708,REC0007540,0
REC0005398,REC0005399,1
REC0009649,REC0009650,1
REC0007192,REC0009639,0
REC0007081,REC0007164,0
REC0005526,REC0013917,0
REC0000524,REC0002908,0
REC0006099,REC0013976,0
REC0009806,REC0009807,1
REC0004918,REC0004919,1
REC0010536,REC0011228,0
REC0003565,REC0009326,0
REC0005676,REC0005677,1
REC0000022,REC0003310,0
REC0007251,REC0007252,1
REC0005589,REC0009631,0
REC0006750,REC0006751,1
REC0006714,REC0014258,0
REC0001562,REC0001563,1
REC0000649,REC0000650,1
REC0001362,REC0001363,1
REC0006902,REC0006903,1
REC0012921,REC0013023,0
REC0001654,REC0001655,1
REC0001280,REC0001722,0
REC0002269,REC0003476,0
REC0007520,REC0014015,0
REC0014329,REC0014330,1
REC0006270,REC0006271,1
REC0002825,REC0008113,0
REC0008592,REC0010413,0
REC0004098,REC0004100,1
REC0010784,REC0010786,1
REC0014305,REC0014354,0
REC0003610,REC0004718,0
REC0003932,REC0014256,0
REC0012289,REC0012290,1
REC0008628,REC0008629,1
REC0002153,REC0011159,0
REC0014549,REC0014550,1
REC0014165,REC0014166,1
REC0005269,REC0011428,0
REC0006482,REC0008010,0
REC0002988,REC0011966,0
REC0004770,REC0011668,0
REC0014326,REC0014617,0
REC0001238,REC0007728,0
REC0006996,REC0011654,0
REC0005752,REC0012983,0
REC0005241,REC0008878,0
REC0003503,REC0003504,1
REC0010888,REC0010889,1
REC0002173,REC0005929,0
REC0000175,REC0011746,0
REC0003463,REC0003464,1
REC0007025,REC0007624,0
REC0014233,REC0014235,1
REC0000590,REC0000591,1
REC0000420,REC0004249,0
REC0007956,REC0009785,0
REC0009752,REC0009753,1
REC0009728,REC0009729,1
REC0002843,REC0010983,0
REC0006794,REC0010963,0
REC0001912,REC0007420,0
REC0008516,REC0013600,0
REC0003945,REC0003946,1
REC0008555,REC0014957,0
REC0002360,REC0006501,0
REC0010378,REC0010379,1
REC0003059,REC0005925,0
REC0008567,REC0011953,0
REC0005469,REC0005470,1
REC0001926,REC0012217,0
REC0010297,REC0011021,0
REC0004654,REC0013434,0
REC0005151,REC0005153,1
REC0000497,REC0003506,0
REC0000444,REC0014489,0
REC0001116,REC0003616,0
REC0001891,REC0001892,1
REC0005160,REC0009351,0
REC0006103,REC0006104,1
REC0006398,REC0006399,1
REC0011011,REC0012611,0
REC0002581,REC0005944,0
REC0004535,REC0004536,1
REC0002888,REC0002891,0
REC0014768,REC0014770,1
REC0006442,REC0006443,1
REC0006361,REC0008901,0
REC0002423,REC0010904,0
REC0004013,REC0004014,1
REC0003686,REC0009711,0
REC0012709,REC0013230,0
REC0002128,REC0008029,0
REC0008200,REC0008201,1
REC0013276,REC0013277,1
REC0000500,REC0011598,0
REC0006597,REC0012344,0
REC0007752,REC0007756,0
REC0008164,REC0011245,0
REC0011282,REC0013362,0
REC0002632,REC0007169,0
REC0004637,REC0013889,0
REC0001726,REC0006460,0
REC0009026,REC0009027,1
REC0003948,REC0003949,1
REC0002172,REC0011150,0
REC0001065,REC0009003,0
REC0014493,REC0014494,1
REC0011750,REC0011751,1
REC0014708,REC0014709,1
REC0000335,REC0001260,0
REC0000118,REC0006390,0
REC0008673,REC0014572,0
REC0004865,REC0011857,0
REC0000042,REC0000043,1
REC0013491,REC0013492,1
REC0001546,REC0006719,0
REC0010153,REC0013109,0
REC0008293,REC0012310,0
REC0008678,REC0008679,1
REC0003131,REC0013910,0
REC0008396,REC0013025,0
REC0007291,REC0007292,1
REC0004948,REC0004949,1
REC0009158,REC0009159,1
REC0005723,REC0006073,0
REC0005800,REC0013980,0
REC0009282,REC0009283,1
REC0014132,REC0014133,1
REC0000953,REC0012683,0
REC0002349,REC0002523,0
REC0011511,REC0011597,0
REC0010101,REC0010102,1
REC0006500,REC0006501,1
REC0003878,REC0005385,0
REC0008459,REC0008460,1
REC0011825,REC0012075,0
REC0005950,REC0006647,0
REC0001106,REC0008840,0
REC0000424,REC0009657,0
REC0009063,REC0009064,1
REC0002117,REC0004625,0
REC0008715,REC0013392,0
REC0000082,REC0011780,0
REC0006375,REC0007613,0
REC0011988,REC0011989,1
REC0008731,REC0013440,0
REC0001584,REC0013449,0
REC0004910,REC0004911,1
REC0004844,REC0008723,0
REC0003131,REC0003740,0
REC0008159,REC0008161,1
REC0005693,REC0008598,0
REC0002014,REC0014306,0
REC0001996,REC0010842,0
REC0000332,REC0001355,0
REC0006658,REC0007407,0
REC0000556,REC0004709,0
REC0005396,REC0005397,1
REC0011514,REC0012433,0
REC0006100,REC0013978,0
REC0008298,REC0008299,1
REC0010255,REC0010256,1
REC0002052,REC0002403,0
REC0007246,REC0009386,0
REC0000947,REC0006799,0
REC0002961,REC0007925,0
REC0005447,REC0014621,0
REC0008696,REC0014718,0
REC0001968,REC0008203,0
REC0001091,REC0003540,0
REC0009917,REC0012279,0
REC0001675,REC0001677,1
REC0009156,REC0010121,0
REC0007254,REC0007255,1
REC0005117,REC0013142,0
REC0014455,REC0014576,0
REC0012268,REC0012269,1
REC0004438,REC0011294,0
REC0002594,REC0007380,0
REC0005730,REC0010226,0
REC0002494,REC0007041,0
REC0014375,REC0014376,1
REC0003716,REC0009274,0
REC0003307,REC0010908,0
REC0003942,REC0003943,1
REC0002635,REC0006742,0
REC0008947,REC0008948,1
REC0008363,REC0008364,1
REC0008232,REC0008234,1
REC0011279,REC0011280,1
REC0000952,REC0000954,1
REC0003716,REC0010552,0
REC0005509,REC0010885,0
REC0001415,REC0012414,0
REC0001964,REC0007153,0
REC0006817,REC0009059,0
REC0007364,REC0010477,0
REC0012203,REC0012204,1
REC0010836,REC0014096,0
REC0001484,REC0001485,1
REC0011561,REC0013393,0
REC0006174,REC0010644,0
REC0005445,REC0008206,0
REC0012714,REC0014914,0
REC0011056,REC0011057,1
REC0007938,REC0007939,1
REC0001203,REC0006404,0
REC0003172,REC0013921,0
REC0001599,REC0003097,0
REC0012111,REC0012112,1
REC0005124,REC0013978,0
REC0004313,REC0004314,1
REC0008289,REC0008441,0
REC0000987,REC0010113,0
REC0002876,REC0014275,0
REC0005280,REC0007811,0
REC0001294,REC0012493,0
REC0007820,REC0009604,0
REC0005204,REC0005544,0
REC0005398,REC0010877,0
REC0013770,REC0013771,1
REC0001706,REC0003788,0
REC0002953,REC0010715,0
REC0000836,REC0000837,1
REC0000674,REC0003474,0
REC0006142,REC0009384,0
REC0014989,REC0014990,1
REC0009143,REC0014028,0
REC0013082,REC0014689,0
REC0001450,REC0010653,0
REC0009193,REC0012184,0
REC0007700,REC0009272,0
REC0014952,REC0014953,1
REC0003287,REC0011320,0
REC0006585,REC0013738,0
REC0000843,REC0004003,0
REC0006925,REC0012012,0
REC0010015,REC0011292,0
REC0002061,REC0006248,0
REC0002856,REC0008936,0
REC0004502,REC0005323,0
REC0000107,REC0000108,1
REC0010465,REC0012192,0
REC0009882,REC0012775,0
REC0001679,REC0005469,0
REC0003235,REC0003245,0
REC0004912,REC0005284,0
REC0009753,REC0009754,1
REC0005896,REC0005897,1
REC0004011,REC0012588,0
REC0000536,REC0004022,0
REC0012966,REC0013289,0
REC0002341,REC0014048,0
REC0006056,REC0006384,0
REC0014045,REC0014046,1
REC0000871,REC0000872,1
REC0006789,REC0009965,0
REC0001398,REC0005352,0
REC0008132,REC0008133,1
REC0005523,REC0006325,0
REC0006134,REC0006756,0
REC0002834,REC0014027,0
REC0003132,REC0003565,0
REC0004567,REC0006680,0
REC0008086,REC0008087,1
REC0006313,REC0009863,0
REC0010923,REC0010924,1
REC0003849,REC0005852,0
REC0000141,REC0008085,0
REC0004096,REC0012889,0
REC0003842,REC0011700,0
REC0008806,REC0008807,1
REC0005330,REC0012669,0
REC0000393,REC0008907,0
REC0010618,REC0013783,0
REC0005313,REC0006305,0
REC0000243,REC0008362,0
REC0001016,REC0012146,0
REC0006612,REC0011453,0
REC0005041,REC0005042,1
REC0005307,REC0005308,1
REC0002727,REC0003792,0
REC0005766,REC0005767,1
REC0003540,REC0007135,0
REC0002629,REC0009471,0
REC0004964,REC0013527,0
REC0005491,REC0009489,0
REC0007672,REC0009414,0
REC0003486,REC0007862,0
REC0002553,REC0013250,0
REC0007602,REC0008098,0
REC0006392,REC0006394,1
REC0012166,REC0014513,0
REC0003072,REC0006122,0
REC0000326,REC0009161,0
REC0002733,REC0009559,0
REC0012644,REC0012645,1
REC0007327,REC0007328,1
REC0009614,REC0009615,1
REC0005199,REC0010786,0
REC0009293,REC0011270,0
REC0011922,REC0012795,0
REC0010941,REC0012538,0
REC0005252,REC0007151,0
REC0003192,REC0003193,1
REC0004557,REC0010948,0
REC0002360,REC0013123,0
REC0000967,REC0009024,0
REC0008651,REC0008652,1
REC0000302,REC0006870,0
REC0007952,REC0009910,0
REC0010206,REC0010207,1
REC0003665,REC0014573,0
REC0004811,REC0004812,1
REC0002084,REC0011167,0
REC0002661,REC0013697,0
REC0013568,REC0013570,1
REC0010790,REC0010792,1
REC0005162,REC0005164,1
REC0008996,REC0008997,1
REC0000930,REC0000931,1
REC0012416,REC0013588,0
REC0013118,REC0013119,1
REC0002509,REC0002510,1
REC0000354,REC0012069,0
REC0005768,REC0008686,0
REC0003444,REC0003445,1
REC0012438,REC0014945,0
REC0010791,REC0010792,1
REC0006518,REC0006519,1
REC0008255,REC0008256,1
REC0001117,REC0002879,0
REC0004939,REC0005698,0
REC0008906,REC0014370,0
REC0007905,REC0014291,0
REC0008353,REC0011026,0
REC0005546,REC0005862,0
REC0014109,REC0014115,0
REC0004607,REC0006509,0
REC0007147,REC0010170,0
REC0012638,REC0014959,0
REC0009359,REC0013952,0
REC0009299,REC0009300,1
REC0013045,REC0013761,0
REC0008474,REC0008475,1
REC0003419,REC0013327,0
REC0004424,REC0005305,0
REC0001903,REC0008653,0
REC0011815,REC0013508,0
REC0004612,REC0014773,0
REC0010721,REC0010722,1
REC0006364,REC0006365,1
REC0001512,REC0001513,1
REC0006658,REC0006682,0
REC0014153,REC0014154,1
REC0011426,REC0011428,1
REC0003179,REC0003180,1
REC0004849,REC0006361,0
REC0004232,REC0004233,1
REC0004638,REC0010833,0
REC0010266,REC0011353,0
REC0003684,REC0009066,0
REC0001058,REC0012525,0
REC0009761,REC0011769,0
REC0003553,REC0012646,0
REC0007712,REC0010118,0
REC0005654,REC0005655,1
REC0003456,REC0005218,0
REC0005866,REC0005867,1
REC0002876,REC0002877,1
REC0010685,REC0013668,0
REC0006598,REC0006599,1
REC0006403,REC0013835,0
REC0007561,REC0012104,0
REC0008612,REC0012934,0
REC0001659,REC0005141,0
REC0010415,REC0010416,1
REC0001909,REC0003398,0
REC0003765,REC0006335,0
REC0004711,REC0004713,1
REC0011419,REC0011420,1
REC0005418,REC0012935,0
REC0012244,REC0013873,0
REC0014412,REC0014413,1
REC0007162,REC0008542,0
REC0001398,REC0014529,0
REC0008276,REC0012074,0
REC0006430,REC0012250,0
REC0002925,REC0010010,0
REC0005900,REC0007754,0
REC0000340,REC0000341,1
REC0004401,REC0010472,0
REC0000222,REC0000223,1
REC0010226,REC0010227,1
REC0010757,REC0010758,1
REC0002258,REC0008553,0
REC0008838,REC0009208,0
REC0007244,REC0012551,0
REC0006506,REC0010089,0
REC0001130,REC0013895,0
REC0002057,REC0012516,0
REC0000117,REC0012868,0
REC0001600,REC0004787,0
REC0001701,REC0012680,0
REC0010677,REC0010679,1
REC0008987,REC0014743,0
REC0000459,REC0002570,0
REC0011373,REC0011374,1
REC0012295,REC0012296,1
REC0001355,REC0006352,0
REC0013059,REC0013758,0
REC0001395,REC0008160,0
REC0004971,REC0004972,1
REC0000167,REC0002544,0
REC0001463,REC0003143,0
REC0003200,REC0012137,0
REC0001306,REC0005004,0
REC0003844,REC0006883,0
REC0011110,REC0014774,0
REC0003089,REC0007915,0
REC0008864,REC0013818,0
REC0000051,REC0012315,0
REC0009989,REC0009991,1
REC0010429,REC0012178,0
REC0010471,REC0010472,1
REC0005014,REC0010921,0
REC0004058,REC0006658,0
REC0004410,REC0005189,0
REC0001344,REC0003111,0
REC0006576,REC0011285,0
REC0008803,REC0008804,1
REC0011903,REC0014669,0
REC0002546,REC0005277,0
REC0004002,REC0012711,0
REC0002889,REC0006599,0
REC0012531,REC0014438,0
REC0001323,REC0013415,0
REC0001834,REC0001835,1
REC0001286,REC0001288,1
REC0008507,REC0008508,1
REC0002575,REC0002576,1
REC0012596,REC0014696,0
REC0002584,REC0012182,0
REC0000113,REC0014879,0
REC0001643,REC0008259,0
REC0013018,REC0013821,0
REC0002448,REC0005244,0
REC0010861,REC0012256,0
REC0003670,REC0003671,1
REC0005763,REC0010911,0
REC0001390,REC0011530,0
REC0000673,REC0000674,1
REC0011699,REC0011700,1
REC0008783,REC0013981,0
REC0000709,REC0005557,0
REC0005993,REC0005994,1
REC0007906,REC0008794,0
REC0005970,REC0013501,0
REC0006361,REC0013263,0
REC0006313,REC0010440,0
REC0000777,REC0014852,0
REC0002713,REC0005783,0
REC0004938,REC0004939,1
REC0010170,REC0010171,1
REC0000100,REC0008665,0
REC0008017,REC0008019,1
REC0003692,REC0007495,0
REC0006228,REC0011631,0
REC0004110,REC0013264,0
REC0001978,REC0001979,1
REC0000182,REC0002763,0
REC0000870,REC0007327,0
REC0004105,REC0004106,1
REC0005765,REC0014149,0
REC0005810,REC0005811,1
REC0000618,REC0008845,0
REC0007852,REC0008122,0
REC0000789,REC0005698,0
REC0000462,REC0013923,0
REC0007492,REC0012376,0
REC0006487,REC0013009,0
REC0001890,REC0001892,1
REC0010821,REC0013363,0
REC0007131,REC0007132,1
REC0010084,REC0010085,1
REC0002740,REC0002741,1
REC0009399,REC0013402,0
REC0004025,REC0013127,0
REC0001639,REC0007032,0
REC0007414,REC0014042,0
REC0002220,REC0004963,0
REC0001967,REC0004465,0
REC0001696,REC0006003,0
REC0011294,REC0011295,1
REC0008736,REC0008737,1
REC0004649,REC0004650,1
REC0000768,REC0000769,1
REC0010313,REC0010315,1
REC0006088,REC0009729,0
REC0008684,REC0014409,0
REC0004722,REC0004723,1
REC0000942,REC0006944,0
REC0001129,REC0008826,0
REC0013321,REC0013322,1
REC0003170,REC0003171,1
REC0005900,REC0013915,0
REC0004017,REC0004018,1
REC0013181,REC0013182,1
REC0001396,REC0011856,0
REC0002159,REC0002821,0
REC0006662,REC0013364,0
REC0003058,REC0006043,0
REC0003876,REC0003878,1
REC0014610,REC0014611,1
REC0010458,REC0010459,1
REC0004162,REC0010103,0
REC0010231,REC0014390,0
REC0007123,REC0011592,0
REC0009827,REC0014949,0
REC0001774,REC0009879,0
REC0000301,REC0008536,0
REC0005876,REC0006416,0
REC0006080,REC0014690,0
REC0007662,REC0007663,1
REC0007596,REC0007597,1
REC0008237,REC0010601,0
REC0005450,REC0009328,0
REC0007131,REC0013687,0
REC0000484,REC0004354,0
REC0002099,REC0004412,0
REC0009483,REC0014764,0
REC0005890,REC0008432,0
REC0007219,REC0010634,0
REC0004282,REC0004284,1
REC0008164,REC0008165,1
REC0011682,REC0013702,0
REC0002550,REC0002551,1
REC0002048,REC0004957,0
REC0002261,REC0005358,0
REC0003762,REC0007735,0
REC0009745,REC0014009,0
REC0003902,REC0004831,0
REC0002241,REC0006646,0
REC0011505,REC0012786,0
REC0001136,REC0008856,0
REC0002497,REC0012537,0
REC0005670,REC0006492,0
REC0001431,REC0002567,0
REC0006604,REC0010890,0
REC0004173,REC0008257,0
REC0005705,REC0008460,0
REC0006094,REC0006095,1
REC0001237,REC0001238,1
REC0004189,REC0011601,0
REC0003103,REC0003261,0
REC0009397,REC0013643,0
REC0003876,REC0014552,0
REC0013835,REC0013836,1
REC0005406,REC0006710,0
REC0006408,REC0012032,0
REC0010652,REC0013424,0
REC0002537,REC0010207,0
REC0010812,REC0010813,1
REC0002731,REC0007061,0
REC0004680,REC0007687,0
REC0006832,REC0012665,0
REC0001170,REC0001171,1
REC0007087,REC0007089,1
REC0012498,REC0013000,0
REC0006773,REC0006774,1
REC0003330,REC0006579,0
REC0003995,REC0003996,1
REC0001350,REC0003984,0
REC0005360,REC0007993,0
REC0002909,REC0002910,1
REC0011849,REC0013635,0
REC0005053,REC0014444,0
REC0008547,REC0008548,1
REC0001847,REC0002682,0
REC0004172,REC0008148,0
REC0013461,REC0013580,0
REC0000067,REC0012558,0
REC0000483,REC0004352,0
REC0010378,REC0014734,0
REC0000802,REC0012901,0
REC0012193,REC0012194,1
REC0011687,REC0011689,1
REC0000129,REC0003701,0
REC0007985,REC0007986,1
REC0001461,REC0004812,0
REC0013620,REC0013621,1
REC0003494,REC0013558,0
REC0010371,REC0010372,1
REC0004787,REC0014498,0
REC0002832,REC0007419,0
REC0002977,REC0002978,1
REC0008293,REC0014169,0
REC0003398,REC0007441,0
REC0002619,REC0002621,1
REC0006552,REC0010169,0
REC0008261,REC0013768,0
REC0014425,REC0014426,1
REC0010218,REC0010219,1
REC0000050,REC0000572,0
REC0008315,REC0011058,0
REC0009836,REC0012408,0
REC0008476,REC0008478,1
REC0004701,REC0013333,0
REC0009533,REC0009534,0
REC0001206,REC0001207,1
REC0013263,REC0013264,1
REC0010617,REC0014278,0
REC0010242,REC0011511,0
REC0012777,REC0012778,1
REC0003864,REC0013225,0
REC0002258,REC0008432,0
REC0002702,REC0009401,0
REC0002015,REC0005109,0
REC0001907,REC0008460,0
REC0002692,REC0003442,0
REC0000136,REC0008665,0
REC0007755,REC0011150,0
REC0010265,REC0010266,1
REC0009239,REC0014478,0
REC0000877,REC0006519,0
REC0006262,REC0014428,0
REC0001678,REC0004499,0
REC0002329,REC0011741,0
REC0002107,REC0002108,1
REC0009967,REC0009968,1
REC0006879,REC0014838,0
REC0004995,REC0008574,0
REC0011554,REC0011555,1
REC0000045,REC0000046,1
REC0006362,REC0012443,0
REC0006599,REC0008801,0
REC0002975,REC0003170,0
REC0000278,REC0013339,0
REC0004713,REC0009437,0
REC0007383,REC0014625,0
REC0001568,REC0008005,0
REC0005639,REC0008725,0
REC0010916,REC0010917,1
REC0000923,REC0004447,0
REC0008143,REC0008144,1
REC0003789,REC0014600,0
REC0008787,REC0014417,0
REC0010237,REC0010238,1
REC0004385,REC0004386,1
REC0007011,REC0007012,1
REC0000770,REC0006468,0
REC0004626,REC0004627,1
REC0008919,REC0008920,1
REC0007872,REC0013640,0
REC0001654,REC0012982,0
REC0000566,REC0007580,0
REC0011034,REC0013870,0
REC0001110,REC0013044,0
REC0007441,REC0012350,0
REC0000138,REC0001866,0
REC0001097,REC0006173,0
REC0003749,REC0004370,0
REC0002939,REC0014537,0
REC0013761,REC0013762,1
REC0003456,REC0003457,1
REC0004823,REC0013049,0
REC0012073,REC0012074,1
REC0007827,REC0007828,1
REC0002273,REC0010582,0
REC0010813,REC0014436,0
REC0012609,REC0012610,1
REC0005792,REC0007456,0
REC0005175,REC0010160,0
REC0002820,REC0008226,0
REC0005003,REC0012478,0
REC0005730,REC0008732,0
REC0004726,REC0004727,1
REC0000407,REC0006189,0
REC0000122,REC0004396,0
REC0002598,REC0004674,0
REC0010449,REC0010450,1
REC0007314,REC0014276,0
REC0001482,REC0014085,0
REC0001213,REC0007902,0
REC0011761,REC0011762,1
REC0009331,REC0011121,0
REC0010306,REC0010307,1
REC0007718,REC0007719,1
REC0002610,REC0002611,1
REC0006143,REC0010755,0
REC0008813,REC0013537,0
REC0000173,REC0004634,0
REC0001515,REC0001516,1
REC0003524,REC0008419,0
REC0002276,REC0003395,0
REC0007815,REC0014855,0
REC0011000,REC0014422,0
REC0006276,REC0012296,0
REC0009696,REC0009990,0
REC0014473,REC0014474,1
REC0000479,REC0000480,1
REC0007534,REC0008268,0
REC0003801,REC0004741,0
REC0000022,REC0010883,0
REC0003033,REC0014783,0
REC0002229,REC0014887,0
REC0006800,REC0006801,1
REC0006167,REC0007302,0
REC0003005,REC0007632,0
REC0007525,REC0011511,0
REC0004217,REC0013010,0
REC0011987,REC0011989,1
REC0005288,REC0009488,0
REC0006730,REC0006732,1
REC0003514,REC0014904,0
REC0000746,REC0001446,0
REC0004682,REC0010578,0
REC0005264,REC0007197,0
REC0005816,REC0013426,0
REC0002626,REC0009951,0
REC0001185,REC0006625,0
REC0009389,REC0009390,1
REC0003055,REC0012263,0
REC0006235,REC0012519,0
REC0002485,REC0002486,1
REC0009699,REC0010298,0
REC0004280,REC0012046,0
REC0002674,REC0003449,0
REC0013806,REC0013807,1
REC0000678,REC0009971,0
REC0000648,REC0003359,0
REC0001620,REC0002382,0
REC0002228,REC0013859,0
REC0001002,REC0009731,0
REC0010720,REC0012005,0
REC0004502,REC0005475,0
REC0006383,REC0008643,0
REC0007073,REC0012112,0
REC0008076,REC0014001,0
REC0001326,REC0005322,0
REC0002501,REC0014359,0
REC0010031,REC0014538,0
REC0013065,REC0014109,0
REC0001607,REC0001608,1
REC0008657,REC0008659,1
REC0010566,REC0010567,1
REC0002226,REC0011581,0
REC0007845,REC0007847,1
REC0000796,REC0011530,0
REC0005391,REC0007278,0
REC0002424,REC0008919,0
REC0001297,REC0003523,0
REC0000103,REC0014749,0
REC0010620,REC0010621,1
REC0008249,REC0010209,0
REC0006370,REC0007216,0
REC0009095,REC0013948,0
REC0005249,REC0013993,0
REC0013671,REC0014954,0
REC0007513,REC0012813,0
REC0005166,REC0008437,0
REC0004223,REC0007187,0
REC0000652,REC0006372,0
REC0007298,REC0015021,0
REC0008969,REC0011144,0
REC0000572,REC0014735,0
REC0005102,REC0005103,1
REC0003500,REC0014556,0
REC0004047,REC0006719,0
REC0003958,REC0014834,0
REC0006197,REC0006198,1
REC0005138,REC0013155,0
REC0005486,REC0012346,0
REC0005438,REC0011570,0
REC0001143,REC0009809,0
REC0000099,REC0012005,0
REC0011084,REC0012996,0
REC0001970,REC0006067,0
REC0003778,REC0003779,1
REC0010322,REC0010323,1
REC0011929,REC0011930,1
REC0011128,REC0012245,0
REC0007671,REC0007672,1
REC0005597,REC0005991,0
REC0001666,REC0002178,0
REC0003676,REC0003677,1
REC0002871,REC0011958,0
REC0002520,REC0002521,1
REC0000967,REC0000968,1
REC0007316,REC0007318,1
REC0009035,REC0009037,1
REC0014665,REC0014666,1
REC0006599,REC0008569,0
REC0003913,REC0003914,1
REC0002724,REC0002725,1
REC0002649,REC0006892,0
REC0001373,REC0004808,0
REC0008838,REC0008839,1
REC0000794,REC0000795,1
REC0005450,REC0014206,0
REC0005422,REC0005423,1
REC0004942,REC0013037,0
REC0007983,REC0014068,0
REC0004729,REC0008387,0
REC0003788,REC0003789,1
REC0006238,REC0006239,1
REC0007202,REC0008814,0
REC0010448,REC0014366,0
REC0008325,REC0011035,0
REC0013486,REC0013925,0
REC0007597,REC0014821,0
REC0004080,REC0008115,0
REC0002425,REC0010117,0
REC0002283,REC0014310,0
REC0005569,REC0006997,0
REC0007824,REC0011539,0
REC0012931,REC0012932,1
REC0008330,REC0008331,1
REC0011991,REC0011992,1
REC0000760,REC0009375,0
REC0005060,REC0012703,0
REC0007175,REC0011448,0
REC0000250,REC0004957,0
REC0001429,REC0008550,0
REC0008495,REC0010092,0
REC0003244,REC0014521,0
REC0005752,REC0010457,0
REC0001661,REC0008405,0
REC0000617,REC0003485,0
REC0008198,REC0010831,0
REC0003355,REC0008915,0
REC0007148,REC0007287,0
REC0008088,REC0009097,0
REC0009428,REC0009429,1
REC0008989,REC0008990,1
REC0007534,REC0009683,0
REC0000667,REC0008681,0
REC0001670,REC0007146,0
REC0011034,REC0011612,0
REC0005054,REC0006577,0
REC0002358,REC0002359,1
REC0006365,REC0006366,1
REC0000973,REC0014761,0
REC0008914,REC0014321,0
REC0011771,REC0011772,1
REC0008479,REC0008480,1
REC0013923,REC0014483,0
REC0012443,REC0012445,1
REC0002433,REC0014575,0
REC0000648,REC0001877,0
REC0008424,REC0008425,1
REC0006281,REC0013651,0
REC0004094,REC0009440,0
REC0004760,REC0005033,0
REC0003416,REC0012525,0
REC0009435,REC0009436,1
REC0005714,REC0011091,0
REC0000817,REC0002666,0
REC0002178,REC0002179,1
REC0006695,REC0014380,0
REC0003647,REC0003648,1
REC0002516,REC0013386,0
REC0008585,REC0010015,0
REC0001266,REC0010508,0
REC0008045,REC0012635,0
REC0009745,REC0009746,1
REC0005601,REC0012087,0
REC0006086,REC0013281,0
REC0009557,REC0011666,0
REC0001737,REC0001738,1
REC0009024,REC0009025,1
REC0001170,REC0013660,0
REC0012950,REC0013892,0
REC0001667,REC0011784,0
REC0005586,REC0005588,1
REC0005114,REC0010602,0
REC0010994,REC0010995,1
REC0007905,REC0007913,0
REC0008218,REC0008220,1
REC0007861,REC0008826,0
REC0004416,REC0004418,1
REC0000075,REC0012906,0
REC0005768,REC0005769,1
REC0013756,REC0014062,0
REC0002055,REC0002057,1
REC0012705,REC0012707,1
REC0004576,REC0004678,0
REC0007358,REC0007360,1
REC0006222,REC0011104,0
REC0005101,REC0005102,1
REC0011427,REC0011428,1
REC0005285,REC0005286,1
REC0003310,REC0004251,0
REC0005094,REC0012870,0
REC0001775,REC0009096,0
REC0007864,REC0014342,0
REC0001853,REC0001854,1
REC0000186,REC0002043,0
REC0003755,REC0003756,1
REC0013457,REC0013459,1
REC0003538,REC0014176,0
REC0005615,REC0009301,0
REC0008375,REC0013119,0
REC0002322,REC0002323,1
REC0008771,REC0012252,0
REC0004915,REC0004917,1
REC0005243,REC0010075,0
REC0001651,REC0005145,0
REC0009652,REC0009947,0
REC0006558,REC0011593,0
REC0003333,REC0011021,0
REC0007303,REC0013083,0
REC0013397,REC0013398,1
REC0002072,REC0009406,0
REC0014685,REC0014686,1
REC0001365,REC0010237,0
REC0002987,REC0007144,0
REC0003572,REC0004779,0
REC0002240,REC0011258,0
REC0011653,REC0011654,1
REC0012734,REC0012735,1
REC0000276,REC0005411,0
REC0013348,REC0013350,1
REC0000893,REC0011008,0
REC0000101,REC0003786,0
REC0007658,REC0014532,0
REC0005308,REC0011713,0
REC0010332,REC0011525,0
REC0002449,REC0005113,0
REC0005643,REC0011069,0
REC0011580,REC0011581,1
REC0011853,REC0011854,1
REC0014377,REC0014378,1
REC0009214,REC0014613,0
REC0007263,REC0007647,0
REC0000661,REC0009697,0
REC0004692,REC0004694,1
REC0005651,REC0007293,0
REC0011235,REC0014637,0
REC0003073,REC0014899,0
REC0009350,REC0009351,1
REC0001114,REC0011443,0
REC0011023,REC0011025,1
REC0008226,REC0011151,0
REC0009071,REC0009073,1
REC0002354,REC0007152,0
REC0002348,REC0014555,0
REC0000712,REC0010502,0
REC0000463,REC0002327,0
REC0001057,REC0001058,1
REC0004395,REC0004396,1
REC0005889,REC0011653,0
REC0008624,REC0008625,1
REC0004497,REC0004498,1
REC0001160,REC0009578,0
REC0006127,REC0006128,1
REC0009765,REC0009766,1
REC0003028,REC0003029,1
REC0004869,REC0004870,1
REC0008389,REC0008475,0
REC0001720,REC0005380,0
REC0004262,REC0006669,0
REC0002817,REC0008514,0
REC0007959,REC0007960,1
REC0003297,REC0010276,0
REC0011864,REC0011865,1
REC0001825,REC0005784,0
REC0000608,REC0001649,0
REC0007927,REC0009289,0
REC0009053,REC0012635,0
REC0004488,REC0004489,1
REC0005882,REC0009348,0
REC0010152,REC0010153,1
REC0001806,REC0014477,0
REC0011778,REC0011780,1
REC0001409,REC0001410,1
REC0011952,REC0011953,1
REC0010254,REC0010256,1
REC0006143,REC0012293,0
REC0013484,REC0013485,1
REC0011527,REC0011528,1
REC0011128,REC0014285,0
REC0002791,REC0004076,0
REC0009683,REC0009684,1
REC0013263,REC0013622,0
REC0014155,REC0014156,1
REC0005479,REC0011705,0
REC0005290,REC0014330,0
REC0001794,REC0006447,0
REC0000721,REC0005002,0
REC0000464,REC0012211,0
REC0006234,REC0006235,1
REC0000055,REC0013402,0
REC0011408,REC0011410,1
REC0011487,REC0013393,0
REC0001786,REC0007377,0
REC0008291,REC0008292,1
REC0001496,REC0013681,0
REC0000260,REC0005731,0
REC0001791,REC0002648,0
REC0005316,REC0013514,0
REC0001920,REC0001921,1
REC0003798,REC0014913,0
REC0005587,REC0005588,1
REC0007124,REC0007638,0
REC0003804,REC0012844,0
REC0005554,REC0014065,0
REC0002547,REC0014870,0
REC0001566,REC0001567,1
REC0005232,REC0008318,0
REC0009896,REC0010486,0
REC0000497,REC0009886,0
REC0001222,REC0009874,0
REC0000215,REC0007030,0
REC0008462,REC0013273,0
REC0001480,REC0012284,0
REC0008129,REC0014101,0
REC0003994,REC0008454,0
REC0011066,REC0011067,1
REC0000126,REC0000127,1
REC0009271,REC0009272,1
REC0007364,REC0007365,1
REC0003046,REC0003047,1
REC0010764,REC0014635,0
REC0012370,REC0012371,1
REC0005984,REC0005985,1
REC0007695,REC0007696,1
REC0011106,REC0011107,1
REC0005806,REC0009794,0
REC0010453,REC0010454,1
REC0001978,REC0001980,1
REC0010420,REC0012427,0
REC0005707,REC0008576,0
REC0003033,REC0009244,0
REC0004083,REC0010151,0
REC0006565,REC0006566,1
REC0002534,REC0011183,0
REC0001289,REC0001290,1
REC0008616,REC0011842,0
REC0000227,REC0002185,0
REC0001540,REC0008146,0
REC0002746,REC0012004,0
REC0006707,REC0009378,0
REC0002760,REC0004208,0
REC0009263,REC0012233,0
REC0014102,REC0014505,0
REC0011649,REC0011650,1
REC0005953,REC0005955,1
REC0000912,REC0006459,0
REC0004343,REC0012326,0
REC0002576,REC0002577,1
REC0007858,REC0009715,0
REC0004978,REC0007485,0
REC0006145,REC0010650,0
REC0003437,REC0010934,0
REC0002334,REC0011623,0
REC0002789,REC0002790,1
REC0001562,REC0013775,0
REC0001481,REC0005827,0
REC0003926,REC0009301,0
REC0001270,REC0005395,0
REC0002760,REC0008639,0
REC0002769,REC0008512,0
REC0000928,REC0002581,0
REC0008467,REC0014172,0
REC0013558,REC0013559,1
REC0001576,REC0008102,0
REC0002223,REC0015006,0
REC0011511,REC0011512,1
REC0010133,REC0012426,0
REC0001954,REC0005311,0
REC0006962,REC0006963,1
REC0001938,REC0005010,0
REC0005107,REC0013866,0
REC0001146,REC0004819,0
REC0001385,REC0005339,0
REC0009688,REC0009689,1
REC0002976,REC0002977,1
REC0002583,REC0013156,0
REC0000175,REC0014027,0
REC0014602,REC0014603,1
REC0001049,REC0009020,0
REC0003372,REC0004411,0
REC0011068,REC0011069,1
REC0008808,REC0009432,0
REC0012835,REC0012836,1
REC0006644,REC0009047,0
REC0008174,REC0011448,0
REC0006794,REC0014098,0
REC0000079,REC0001844,0
REC0004010,REC0006765,0
REC0001161,REC0009195,0
REC0005945,REC0006682,0
REC0008323,REC0010482,0
REC0010034,REC0010035,1
REC0009250,REC0013300,0
REC0004039,REC0004040,1
REC0010432,REC0010433,1
REC0003107,REC0014093,0
REC0002237,REC0002238,1
REC0002244,REC0002245,1
REC0000783,REC0003258,0
REC0002117,REC0003504,0
REC0001365,REC0004351,0
REC0005720,REC0005721,1
REC0006567,REC0012678,0
REC0011764,REC0013452,0
REC0011766,REC0013680,0
REC0007666,REC0007667,1
REC0003455,REC0003457,1
REC0012427,REC0012853,0
REC0002974,REC0011765,0
REC0012919,REC0014521,0
REC0006471,REC0014575,0
REC0002807,REC0002808,1
REC0007156,REC0010020,0
REC0009902,REC0009903,1
REC0002430,REC0013838,0
REC0001603,REC0001604,1
REC0001838,REC0013735,0
REC0004414,REC0010179,0
REC0001803,REC0011824,0
REC0001627,REC0001628,1
REC0007145,REC0014429,0
REC0009971,REC0009972,1
REC0007404,REC0011720,0
REC0007203,REC0007205,1
REC0003267,REC0009891,0
REC0006735,REC0014616,0
REC0008182,REC0008183,1
REC0004876,REC0011198,0
REC0004171,REC0004172,1
REC0013562,REC0013563,1
REC0005834,REC0014212,0
REC0000189,REC0004484,0
REC0010704,REC0010705,1
REC0000572,REC0008504,0
REC0001565,REC0001566,1
REC0000328,REC0006458,0
REC0002747,REC0008487,0
REC0005432,REC0005433,1
REC0007997,REC0008047,0
REC0001964,REC0007313,0
REC0012256,REC0012831,0
REC0005825,REC0008089,0
REC0000091,REC0005453,0
REC0006991,REC0006992,1
REC0007255,REC0014226,0
REC0000250,REC0012090,0
REC0011588,REC0011590,1
REC0005480,REC0009216,0
REC0009149,REC0009151,1
REC0013702,REC0014697,0
REC0003446,REC0003447,1
REC0010380,REC0014359,0
REC0004269,REC0006088,0
REC0001445,REC0006721,0
REC0002415,REC0002417,1
REC0003524,REC0011942,0
REC0011523,REC0011524,1
REC0001983,REC0011411,0
REC0004356,REC0012092,0
REC0007225,REC0011769,0
REC0006973,REC0014370,0
REC0007485,REC0007486,1
REC0005380,REC0012786,0
REC0001595,REC0001596,1
REC0007517,REC0008912,0
REC0003112,REC0012687,0
REC0003456,REC0006286,0
REC0003313,REC0005351,0
REC0000703,REC0000704,1
REC0007422,REC0007423,1
REC0013914,REC0013915,1
REC0010284,REC0011264,0
REC0004514,REC0005953,0
REC0001778,REC0001779,1
REC0009902,REC0015002,0
REC0002193,REC0005494,0
REC0004431,REC0014540,0
REC0009746,REC0010100,0
REC0005201,REC0006409,0
REC0002459,REC0014135,0
REC0014752,REC0014753,1
REC0000794,REC0011696,0
REC0004472,REC0004473,1
REC0006081,REC0010027,0
REC0004876,REC0008940,0
REC0008739,REC0009107,0
REC0004608,REC0011590,0
REC0004740,REC0010987,0
REC0008282,REC0009156,0
REC0007644,REC0013209,0
REC0009774,REC0012306,0
REC0003709,REC0003710,1
REC0001374,REC0002846,0
REC0004218,REC0007652,0
REC0000394,REC0000395,1
REC0000918,REC0007190,0
REC0010123,REC0010124,1
REC0004725,REC0012748,0
REC0003220,REC0003425,0
REC0006745,REC0010886,0
REC0007435,REC0010746,0
REC0000292,REC0006173,0
REC0003125,REC0003126,1
REC0003601,REC0013330,0
REC0003470,REC0003471,1
REC0010247,REC0010248,1
REC0003658,REC0007022,0
REC0007573,REC0008795,0
REC0007754,REC0009485,0
REC0003377,REC0013496,0
REC0003292,REC0006384,0
REC0000030,REC0014365,0
REC0012184,REC0012455,0
REC0011547,REC0013111,0
REC0002203,REC0007091,0
REC0005994,REC0011322,0
REC0001834,REC0001836,1
REC0001706,REC0001707,1
REC0014380,REC0014381,1
REC0000106,REC0000107,1
REC0004607,REC0008688,0
REC0010501,REC0014109,0
REC0012062,REC0012063,1
REC0010966,REC0010968,1
REC0008777,REC0011201,0
REC0007537,REC0014631,0
REC0011721,REC0011722,1
REC0000004,REC0009858,0
REC0002282,REC0013251,0
REC0006418,REC0006419,1
REC0008279,REC0014533,0
REC0009111,REC0010370,0
REC0002966,REC0007170,0
REC0005634,REC0007906,0
REC0007252,REC0013214,0
REC0012892,REC0013859,0
REC0000215,REC0014668,0
REC0003308,REC0005728,0
REC0006728,REC0006993,0
REC0002330,REC0011002,0
REC0011659,REC0011809,0
REC0002674,REC0010354,0
REC0009953,REC0011477,0
REC0005129,REC0014172,0
REC0010579,REC0010580,1
REC0002371,REC0005663,0
REC0000541,REC0013680,0
REC0010964,REC0010965,1
REC0001285,REC0009493,0
REC0000343,REC0009394,0
REC0000318,REC0009307,0
REC0001998,REC0001999,1
REC0000799,REC0000800,1
REC0009854,REC0014404,0
REC0001127,REC0014305,0
REC0009251,REC0012618,0
REC0001623,REC0002275,0
REC0008431,REC0010224,0
REC0002979,REC0005186,0
REC0001832,REC0008727,0
REC0001119,REC0001120,1
REC0009019,REC0009020,1
REC0006732,REC0014392,0
REC0013873,REC0013875,1
REC0002000,REC0007197,0
REC0003893,REC0003894,1
REC0013627,REC0013644,0
REC0003475,REC0005886,0
REC0004667,REC0010056,0
REC0003413,REC0008802,0
REC0010494,REC0012788,0
REC0012470,REC0014153,0
REC0003693,REC0009988,0
REC0010309,REC0010310,1
REC0011831,REC0014902,0
REC0011080,REC0011228,0
REC0002939,REC0011810,0
REC0004845,REC0012963,0
REC0001542,REC0014512,0
REC0001413,REC0009352,0
REC0001659,REC0005389,0
REC0008904,REC0013806,0
REC0004155,REC0014684,0
REC0007897,REC0007898,1
REC0011509,REC0013248,0
REC0006859,REC0006860,1
REC0013661,REC0013662,1
REC0008236,REC0012240,0
REC0001570,REC0006199,0
REC0007942,REC0010650,0
REC0010194,REC0014995,0
REC0009173,REC0009174,1
REC0003413,REC0003414,1
REC0010684,REC0014640,0
REC0012619,REC0013401,0
REC0004289,REC0008389,0
REC0006690,REC0006691,1
REC0011777,REC0013709,0
REC0013048,REC0013511,0
REC0014884,REC0014885,1
REC0002632,REC0013261,0
REC0013013,REC0013203,0
REC0005818,REC0011241,0
REC0001026,REC0012204,0
REC0014846,REC0014847,1
REC0003581,REC0003582,1
REC0006114,REC0006115,1
REC0006012,REC0006013,1
REC0009646,REC0009647,1
REC0003590,REC0005884,0
REC0001740,REC0010038,0
REC0007303,REC0007304,1
REC0001416,REC0002302,0
REC0002067,REC0014191,0
REC0002604,REC0002605,1
REC0006870,REC0009020,0
REC0001747,REC0001748,1
REC0000326,REC0002180,0
REC0005536,REC0009719,0
REC0003807,REC0003808,1
REC0000682,REC0012472,0
REC0011035,REC0013324,0
REC0005152,REC0005153,1
REC0005271,REC0005813,0
REC0010055,REC0013538,0
REC0008342,REC0009952,0
REC0008626,REC0010682,0
REC0009572,REC0009573,1
REC0011829,REC0014454,0
REC0001963,REC0001964,1
REC0002297,REC0014779,0
REC0011804,REC0012919,0
REC0008700,REC0008701,1
REC0005219,REC0008553,0
REC0002991,REC0002992,1
REC0004123,REC0005739,0
REC0005669,REC0014810,0
REC0006364,REC0014840,0
REC0000922,REC0007540,0
REC0002927,REC0014917,0
REC0008715,REC0008716,1
REC0012808,REC0013185,0
REC0006456,REC0010776,0
REC0003988,REC0012304,0
REC0001572,REC0006217,0
REC0000356,REC0006589,0
REC0012248,REC0012249,1
REC0003353,REC0007202,0
REC0014425,REC0014427,1
REC0001583,REC0003146,0
REC0005601,REC0014598,0
REC0008423,REC0008425,1
REC0001203,REC0004036,0
REC0002234,REC0013018,0
REC0011272,REC0011273,1
REC0000389,REC0014141,0
REC0013703,REC0013704,1
REC0009758,REC0012757,0
REC0005136,REC0014582,0
REC0003680,REC0003681,1
REC0002335,REC0002336,1
REC0011819,REC0014414,0
REC0005708,REC0014219,0
REC0008917,REC0014494,0
REC0002057,REC0002495,0
REC0004962,REC0005022,0
REC0001432,REC0010377,0
REC0005848,REC0011569,0
REC0008713,REC0009580,0
REC0000838,REC0006309,0
REC0006039,REC0006430,0
REC0003287,REC0012852,0
REC0006486,REC0008755,0
REC0000199,REC0007494,0
REC0013407,REC0013408,1
REC0002384,REC0010233,0
REC0011434,REC0011435,1
REC0010791,REC0014236,0
REC0002286,REC0011079,0
REC0004516,REC0004517,1
REC0007378,REC0012843,0
REC0008740,REC0008741,1
REC0011434,REC0011436,1
REC0007767,REC0008162,0
REC0003720,REC0007657,0
REC0014412,REC0014669,0
REC0001113,REC0001114,1
REC0000873,REC0012046,0
REC0004329,REC0006422,0
REC0004916,REC0004917,1
REC0007177,REC0007334,0
REC0003460,REC0010663,0
REC0000716,REC0008465,0
REC0007294,REC0013091,0
REC0007670,REC0010008,0
REC0001370,REC0012765,0
REC0000961,REC0003252,0
REC0003492,REC0003493,1
REC0008899,REC0008900,1
REC0007149,REC0012221,0
REC0004020,REC0004717,0
REC0008014,REC0014595,0
REC0006636,REC0006640,0
REC0013335,REC0014351,0
REC0001661,REC0003929,0
REC0005142,REC0009463,0
REC0013469,REC0013470,1
REC0007882,REC0012022,0
REC0004061,REC0005682,0
REC0008792,REC0012692,0
REC0004591,REC0011846,0
REC0011784,REC0013609,0
REC0007442,REC0011433,0
REC0005715,REC0014046,0
REC0000180,REC0010228,0
REC0009642,REC0014656,0
REC0002554,REC0005099,0
REC0006379,REC0013265,0
REC0014158,REC0014159,1
REC0000057,REC0013303,0
REC0002237,REC0012004,0
REC0001215,REC0013578,0
REC0002588,REC0007378,0
REC0014837,REC0014838,1
REC0014524,REC0014525,1
REC0008179,REC0008180,1
REC0009929,REC0014469,0
REC0002566,REC0002568,1
REC0012312,REC0012313,1
REC0004217,REC0005634,0
REC0002410,REC0002411,1
REC0005564,REC0012668,0
REC0004033,REC0013536,0
REC0003266,REC0011244,0
REC0001137,REC0001138,1
REC0009324,REC0013679,0
REC0004580,REC0011641,0
REC0002355,REC0004739,0
REC0006223,REC0010074,0
REC0001772,REC0001773,1
REC0006287,REC0006288,1
REC0001222,REC0001223,1
REC0003039,REC0005181,0
REC0000138,REC0003503,0
REC0011536,REC0013120,0
REC0007546,REC0007547,1
REC0000683,REC0009811,0
REC0007707,REC0007708,1
REC0005234,REC0010149,0
REC0001087,REC0003333,0
REC0000631,REC0010683,0
REC0011276,REC0011277,1
REC0000529,REC0012708,0
REC0002424,REC0010900,0
REC0003039,REC0011645,0
REC0003746,REC0008012,0
REC0001506,REC0001507,1
REC0010845,REC0010846,1
REC0007130,REC0007132,1
REC0000368,REC0013616,0
REC0005356,REC0013041,0
REC0009460,REC0010324,0
REC0000396,REC0011015,0
REC0000866,REC0005284,0
REC0002933,REC0003000,0
REC0011559,REC0011560,1
REC0012579,REC0012580,1
REC0006750,REC0006752,1
REC0001521,REC0004415,0
REC0011343,REC0011344,1
REC0012800,REC0012801,1
REC0004387,REC0004388,1
REC0007185,REC0007238,0
REC0001465,REC0003059,0
REC0007905,REC0007906,1
REC0004027,REC0011107,0
REC0004792,REC0014928,0
REC0013084,REC0014474,0
REC0002528,REC0011783,0
REC0000614,REC0002253,0
REC0000728,REC0000729,1
REC0001304,REC0001305,1
REC0006241,REC0009175,0
REC0010075,REC0011555,0
REC0001577,REC0001578,1
REC0003963,REC0007186,0
REC0003748,REC0011835,0
REC0008277,REC0013778,0
REC0002128,REC0009324,0
REC0008148,REC0009504,0
REC0001934,REC0001938,0
REC0000348,REC0003676,0
REC0010648,REC0013069,0
REC0005636,REC0014224,0
REC0001110,REC0001111,1
REC0006170,REC0008422,0
REC0007010,REC0011351,0
REC0011570,REC0011571,1
REC0003298,REC0013773,0
REC0002892,REC0005079,0
REC0009180,REC0013831,0
REC0001310,REC0012670,0
REC0011192,REC0012434,0
REC0013873,REC0013874,1
REC0013393,REC0013394,1
REC0009444,REC0009445,1
REC0002728,REC0002729,1
REC0006212,REC0013088,0
REC0011268,REC0011269,1
REC0012032,REC0012033,1
REC0008438,REC0010831,0
REC0001988,REC0005938,0
REC0007073,REC0013478,0
REC0003793,REC0004301,0
REC0010490,REC0010491,1
REC0001430,REC0003995,0
REC0004545,REC0009379,0
REC0003616,REC0014352,0
REC0000827,REC0012352,0
REC0011431,REC0012520,0
REC0002804,REC0012425,0
REC0000971,REC0009157,0
REC0001116,REC0007608,0
REC0010431,REC0012578,0
REC0008141,REC0013663,0
REC0006624,REC0006625,1
REC0010827,REC0010828,1
REC0005220,REC0009999,0
REC0005380,REC0005382,1
REC0011995,REC0011996,1
REC0012747,REC0012749,1
REC0003407,REC0011648,0
REC0012540,REC0012541,1
REC0009760,REC0013126,0
REC0005024,REC0011239,0
REC0002520,REC0006039,0
REC0011022,REC0014021,0
REC0011978,REC0014526,0
REC0011312,REC0012833,0
REC0013258,REC0014987,0
REC0013802,REC0013803,1
REC0000330,REC0000331,1
REC0004805,REC0010960,0
REC0007747,REC0007748,1
REC0003624,REC0010671,0
REC0012779,REC0012780,1
REC0004499,REC0008424,0
REC0000924,REC0009412,0
REC0003748,REC0014585,0
REC0011158,REC0011159,1
REC0011584,REC0011585,1
REC0000254,REC0009683,0
REC0010424,REC0012934,0
REC0001381,REC0004683,0
REC0009054,REC0010954,0
REC0008112,REC0008113,1
REC0003077,REC0003078,1
REC0013750,REC0013751,1
REC0005295,REC0013676,0
REC0004953,REC0010136,0
REC0008540,REC0010289,0
REC0000364,REC0000365,1
REC0002449,REC0007219,0
REC0005706,REC0012348,0
REC0003867,REC0008921,0
REC0004883,REC0004884,1
REC0005421,REC0005422,1
REC0008154,REC0012614,0
REC0010556,REC0010557,1
REC0003932,REC0011196,0
REC0007306,REC0014023,0
REC0003322,REC0013712,0
REC0005849,REC0005850,1
REC0008014,REC0009645,0
REC0002921,REC0005617,0
REC0003788,REC0014257,0
REC0010456,REC0012326,0
REC0004773,REC0004774,1
REC0000575,REC0003291,0
REC0002232,REC0002409,0
REC0004286,REC0004287,1
REC0012914,REC0012915,1
REC0002723,REC0002725,1
REC0005439,REC0005440,1
REC0014324,REC0014325,1
REC0002099,REC0002100,1
REC0013736,REC0013737,1
REC0005740,REC0011694,0
REC0010313,REC0011682,0
REC0005153,REC0008271,0
REC0014766,REC0014767,1
REC0000153,REC0014902,0
REC0009390,REC0012350,0
REC0005755,REC0010093,0
REC0010620,REC0011520,0
REC0003951,REC0008687,0
REC0005737,REC0005738,1
REC0014516,REC0014517,1
REC0004664,REC0004665,1
REC0001458,REC0004552,0
REC0008900,REC0014533,0
REC0004048,REC0013390,0
REC0000352,REC0009026,0
REC0001690,REC0002404,0
REC0013963,REC0013964,1
REC0003818,REC0005530,0
REC0005663,REC0005664,1
REC0003859,REC0003931,0
REC0003717,REC0006357,0
REC0004834,REC0011234,0
REC0007969,REC0012276,0
REC0008074,REC0008075,1
REC0010747,REC0013128,0
REC0003827,REC0009646,0
REC0000941,REC0003811,0
REC0008041,REC0014143,0
REC0000187,REC0012119,0
REC0010602,REC0010603,1
REC0000697,REC0010471,0
REC0005641,REC0010150,0
REC0013583,REC0014076,0
REC0005600,REC0005601,1
REC0009395,REC0010414,0
REC0002783,REC0005817,0
REC0009603,REC0009605,1
REC0009974,REC0011731,0
REC0004597,REC0012086,0
REC0004974,REC0005146,0
REC0000417,REC0003627,0
REC0004100,REC0007504,0
REC0009457,REC0011822,0
REC0010881,REC0011993,0
REC0004171,REC0004173,1
REC0002651,REC0008973,0
REC0012339,REC0012604,0
REC0000650,REC0000651,1
REC0007656,REC0010514,0
REC0011246,REC0014417,0
REC0002381,REC0010532,0
REC0000118,REC0012555,0
REC0008741,REC0012887,0
REC0001775,REC0001776,1
REC0001752,REC0003820,0
REC0011416,REC0011854,0
REC0009099,REC0013799,0
REC0007389,REC0015005,0
REC0000147,REC0002261,0
REC0007322,REC0013171,0
REC0000066,REC0000067,1
REC0005027,REC0007738,0
REC0005151,REC0005152,1
REC0012959,REC0012961,1
REC0003792,REC0014947,0
REC0004092,REC0005449,0
REC0013555,REC0013556,1
REC0009311,REC0013519,0
REC0001939,REC0011070,0
REC0000260,REC0007247,0
REC0006272,REC0006273,1
REC0004924,REC0008982,0
REC0013007,REC0013008,1
REC0004129,REC0004941,0
REC0000861,REC0000872,0
REC0010130,REC0013932,0
REC0008439,REC0012653,0
REC0012526,REC0012528,1
REC0001956,REC0001957,1
REC0000704,REC0013379,0
REC0005953,REC0005954,1
REC0001795,REC0013496,0
REC0004909,REC0011919,0
REC0006043,REC0006044,1
REC0004351,REC0004352,1
REC0004029,REC0009942,0
REC0008711,REC0013076,0
REC0007482,REC0008195,0
REC0007419,REC0007420,1
REC0014286,REC0014287,1
REC0000562,REC0006828,0
REC0002128,REC0002129,1
REC0014526,REC0014527,1
REC0007055,REC0007985,0
REC0011968,REC0012766,0
REC0001839,REC0003331,0
REC0000844,REC0001288,0
REC0004587,REC0009482,0
REC0006670,REC0014363,0
REC0009773,REC0010126,0
REC0003046,REC0003048,1
REC0002548,REC0009423,0
REC0001986,REC0014613,0
REC0014842,REC0014843,1
REC0010466,REC0011391,0
REC0000788,REC0009610,0
REC0008705,REC0012797,0
REC0005640,REC0008932,0
REC0007603,REC0007935,0
REC0004283,REC0004284,1
REC0004160,REC0008562,0
REC0003126,REC0003328,0
REC0000326,REC0010489,0
REC0005180,REC0007189,0
REC0002348,REC0014007,0
REC0005756,REC0014729,0
REC0005245,REC0005246,1
REC0005231,REC0012252,0
REC0002870,REC0007526,0
REC0003701,REC0010022,0
REC0001240,REC0002112,0
REC0001761,REC0009229,0
REC0002562,REC0012613,0
REC0003856,REC0003857,1
REC0008811,REC0008812,1
REC0000225,REC0001126,0
REC0010698,REC0012415,0
REC0001689,REC0005872,0
REC0000273,REC0000360,0
REC0014611,REC0014612,1
REC0009408,REC0009760,0
REC0003558,REC0010517,0
REC0007489,REC0008167,0
REC0007777,REC0009495,0
REC0003760,REC0012369,0
REC0005435,REC0005716,0
REC0004511,REC0008076,0
REC0005402,REC0005403,1
REC0010296,REC0010297,1
REC0012361,REC0012363,1
REC0001882,REC0010662,0
REC0005372,REC0005373,1
REC0008465,REC0009726,0
REC0006756,REC0007683,0
REC0004208,REC0012727,0
REC0004553,REC0004554,1
REC0005347,REC0013571,0
REC0001287,REC0001288,1
REC0004193,REC0004195,1
REC0004931,REC0008310,0
REC0008658,REC0008659,1
REC0007218,REC0008957,0
REC0005558,REC0005559,1
REC0002667,REC0002668,1
REC0010116,REC0013765,0
REC0007790,REC0007791,1
REC0006062,REC0006063,1
REC0009925,REC0009926,1
REC0004707,REC0009823,0
REC0006156,REC0006752,0
REC0006938,REC0008201,0
REC0000449,REC0003869,0
REC0014318,REC0014319,1
REC0014386,REC0014387,1
REC0003656,REC0012203,0
REC0008674,REC0012794,0
REC0002506,REC0002507,1
REC0004111,REC0006137,0
REC0002147,REC0002615,0
REC0012050,REC0012871,0
REC0004906,REC0008269,0
REC0003173,REC0007907,0
REC0001227,REC0004116,0
REC0004514,REC0013316,0
REC0001249,REC0001250,1
REC0002723,REC0002724,1
REC0013869,REC0013870,1
REC0001235,REC0007211,0
REC0011225,REC0014273,0
REC0010451,REC0010764,0
REC0004093,REC0014469,0
REC0012176,REC0014506,0
REC0011596,REC0012339,0
REC0001834,REC0007353,0
REC0009516,REC0009518,1
REC0000338,REC0010125,0
REC0014483,REC0014484,1
REC0013334,REC0013378,0
REC0000873,REC0012049,0
REC0002876,REC0004773,0
REC0010246,REC0010248,1
REC0000670,REC0005033,0
REC0000082,REC0000083,1
REC0005780,REC0014605,0
REC0006757,REC0006758,1
REC0010657,REC0010658,1
REC0000539,REC0007417,0
REC0001613,REC0001614,1
REC0003051,REC0008457,0
REC0008159,REC0014116,0
REC0002263,REC0002264,1
REC0000142,REC0005286,0
REC0011548,REC0012389,0
REC0004402,REC0014431,0
REC0013391,REC0013392,1
REC0002276,REC0002277,1
REC0006296,REC0012794,0
REC0006254,REC0011584,0
REC0006090,REC0006091,1
REC0006669,REC0014301,0
REC0009959,REC0011880,0
REC0000594,REC0006268,0
REC0007658,REC0007659,1
REC0005661,REC0009432,0
REC0004136,REC0004137,1
REC0001042,REC0005252,0
REC0002850,REC0005570,0
REC0009286,REC0009287,1
REC0000033,REC0004042,0
REC0000787,REC0000788,1
REC0003055,REC0013813,0
REC0001543,REC0001544,1
REC0004197,REC0008801,0
REC0006325,REC0013335,0
REC0013240,REC0013241,1
REC0000960,REC0001328,0
REC0002876,REC0002878,1
REC0008456,REC0012967,0
REC0001467,REC0009462,0
REC0005357,REC0011332,0
REC0001390,REC0001391,1
REC0011037,REC0012032,0
REC0010588,REC0010589,1
REC0008616,REC0008618,1
REC0003737,REC0006375,0
REC0011634,REC0014845,0
REC0001574,REC0013587,0
REC0005522,REC0005523,1
REC0006912,REC0006913,1
REC0008531,REC0013862,0
REC0003395,REC0007320,0
REC0006288,REC0008731,0
REC0003102,REC0014445,0
REC0005612,REC0007437,0
REC0002222,REC0002223,1
REC0003876,REC0003877,1
REC0000122,REC0000123,1
REC0003888,REC0003889,1
REC0000972,REC0000974,1
REC0001964,REC0001965,1
REC0010923,REC0010925,1
REC0003984,REC0009182,0
REC0002328,REC0013537,0
REC0001594,REC0005962,0
REC0008370,REC0014432,0
REC0002382,REC0002383,1
REC0014182,REC0014183,1
REC0000179,REC0009169,0
REC0009247,REC0009249,1
REC0008612,REC0008613,1
REC0002729,REC0002730,1
REC0003505,REC0008294,0
REC0008697,REC0008771,0
REC0007842,REC0012323,0
REC0000515,REC0000516,1
REC0013736,REC0013738,1
REC0007644,REC0007645,1
REC0000445,REC0000446,1
REC0006116,REC0012024,0
REC0014298,REC0014299,1
REC0003961,REC0003962,1
REC0003547,REC0010868,0
REC0009976,REC0012854,0
REC0008699,REC0008701,1
REC0003042,REC0014600,0
REC0000008,REC0000010,1
REC0002479,REC0009941,0
REC0009196,REC0013645,0
REC0012288,REC0012290,1
REC0008321,REC0008771,0
REC0014057,REC0014059,1
REC0006926,REC0008817,0
REC0002182,REC0012935,0
REC0000989,REC0000990,1
REC0003453,REC0003454,1
REC0006999,REC0013543,0
REC0000970,REC0012962,0
REC0009169,REC0009170,1
REC0001949,REC0002107,0
REC0002257,REC0007834,0
REC0001708,REC0009865,0
REC0007229,REC0011790,0
REC0012620,REC0013875,0
REC0000136,REC0000730,0
REC0005753,REC0007230,0
REC0002528,REC0002529,1
REC0002612,REC0013637,0
REC0006076,REC0006751,0
REC0000559,REC0000560,1
REC0004627,REC0012187,0
REC0006446,REC0007124,0
REC0009118,REC0012373,0
REC0010802,REC0014388,0
REC0007886,REC0007887,1
REC0008389,REC0008390,1
REC0014507,REC0014508,1
REC0002265,REC0002266,1
REC0002539,REC0009919,0
REC0013348,REC0013349,1
REC0010915,REC0012092,0
REC0000387,REC0005177,0
REC0006881,REC0007180,0
REC0004147,REC0004148,1
REC0004340,REC0014534,0
REC0008678,REC0008851,0
REC0004526,REC0004527,1
REC0010240,REC0013217,0
REC0009608,REC0012159,0
REC0001769,REC0011779,0
REC0005797,REC0013002,0
REC0002380,REC0002491,0
REC0003430,REC0009292,0
REC0007166,REC0007167,1
REC0003188,REC0007099,0
REC0004021,REC0011116,0
REC0005656,REC0011313,0
REC0006056,REC0007796,0
REC0003490,REC0003491,1
REC0013782,REC0013783,1
REC0008878,REC0008879,1
REC0001906,REC0005787,0
REC0004038,REC0004039,1
REC0001902,REC0007952,0
REC0010680,REC0011796,0
REC0007503,REC0007504,1
REC0008281,REC0010968,0
REC0003015,REC0013300,0
REC0014259,REC0014934,0
REC0004304,REC0004305,1
REC0013095,REC0013096,1
REC0004781,REC0007323,0
REC0003911,REC0008743,0
REC0013930,REC0013931,1
REC0014222,REC0014223,1
REC0008171,REC0008173,1
REC0008836,REC0011845,0
REC0004772,REC0004773,1
REC0012878,REC0012879,1
REC0002378,REC0007307,0
REC0000221,REC0000222,1
REC0004894,REC0011377,0
REC0014101,REC0014832,0
REC0004167,REC0013711,0
REC0006507,REC0012012,0
REC0007032,REC0011415,0
REC0000144,REC0009955,0
REC0010917,REC0010918,1
REC0004628,REC0011249,0
REC0000576,REC0003532,0
REC0001315,REC0010455,0
REC0010302,REC0012501,0
REC0002976,REC0002978,1
REC0002979,REC0010768,0
REC0000377,REC0007223,0
REC0010573,REC0010574,1
REC0003814,REC0006063,0
REC0003336,REC0011455,0
REC0011834,REC0013566,0
REC0012416,REC0012417,1
REC0008321,REC0014607,0
REC0004494,REC0004495,1
REC0009775,REC0011776,0
REC0005512,REC0005513,1
REC0005119,REC0006250,0
REC0001797,REC0012542,0
REC0001280,REC0001281,1
REC0012079,REC0012799,0
REC0010759,REC0010760,1
REC0002472,REC0002473,1
REC0006244,REC0006245,1
REC0007476,REC0009958,0
REC0000426,REC0001712,0
REC0004369,REC0004370,1
REC0004534,REC0005822,0
REC0002680,REC0013842,0
REC0009270,REC0009271,1
REC0004919,REC0004920,1
REC0012604,REC0014511,0
REC0001354,REC0001356,1
REC0010832,REC0010834,1
REC0005049,REC0009963,0
REC0000134,REC0011594,0
REC0003570,REC0008977,0
REC0012288,REC0012289,1
REC0006023,REC0014531,0
REC0002961,REC0012382,0
REC0012687,REC0012688,1
REC0002401,REC0002402,1
REC0001258,REC0008715,0
REC0005611,REC0013092,0
REC0011108,REC0011109,1
REC0008038,REC0012236,0
REC0004923,REC0009375,0
REC0011734,REC0011735,1
REC0001568,REC0001569,1
REC0003564,REC0012200,0
REC0007636,REC0007638,1
REC0009608,REC0009609,1
REC0014554,REC0014555,1
REC0010761,REC0010762,1
REC0002335,REC0002751,0
REC0006811,REC0013613,0
REC0005724,REC0005725,1
REC0003080,REC0008416,0
REC0001765,REC0002060,0
REC0007074,REC0007075,1
REC0004622,REC0013740,0
REC0009693,REC0009694,1
REC0010801,REC0010802,1
REC0001428,REC0001429,1
REC0001677,REC0010665,0
REC0001756,REC0005670,0
REC0008167,REC0009926,0
REC0013638,REC0013639,1
REC0001946,REC0005813,0
REC0005401,REC0012767,0
REC0013840,REC0013887,0
REC0000256,REC0006366,0
REC0006624,REC0010514,0
REC0004219,REC0004220,1
REC0001368,REC0002106,0
REC0004130,REC0004131,1
REC0005123,REC0006031,0
REC0006987,REC0013654,0
REC0014384,REC0014605,0
REC0002883,REC0014779,0
REC0007316,REC0007317,1
REC0005621,REC0005622,1
REC0006002,REC0006003,1
REC0008631,REC0008632,1
REC0001955,REC0010135,0
REC0003870,REC0003871,1
REC0002187,REC0004141,0
REC0007134,REC0008681,0
REC0001245,REC0008189,0
REC0005965,REC0007807,0
REC0005957,REC0011589,0
REC0011098,REC0011099,1
REC0002181,REC0012159,0
REC0008569,REC0008570,1
REC0012347,REC0012349,1
REC0003178,REC0003180,1
REC0008565,REC0010590,0
REC0003617,REC0004425,0
REC0008073,REC0008074,1
REC0005709,REC0014196,0
REC0012261,REC0014179,0
REC0004041,REC0004042,1
REC0010213,REC0010215,1
REC0003593,REC0003594,1
REC0001370,REC0013590,0
REC0006047,REC0006048,1
REC0000421,REC0005184,0
REC0006565,REC0013278,0
REC0009354,REC0013960,0
REC0001125,REC0005724,0
REC0009110,REC0010282,0
REC0008367,REC0008369,1
REC0008389,REC0013380,0
REC0003406,REC0006637,0
REC0003561,REC0003562,1
REC0006922,REC0009481,0
REC0005802,REC0009630,0
REC0002838,REC0013985,0
REC0004734,REC0012652,0
REC0002530,REC0011022,0
REC0011859,REC0011861,1
REC0007762,REC0011828,0
REC0004655,REC0012634,0
REC0011595,REC0012701,0
REC0008619,REC0014759,0
REC0000689,REC0000690,1
REC0002444,REC0009683,0
REC0009136,REC0009137,1
REC0004221,REC0007793,0
REC0005083,REC0005084,1
REC0009201,REC0009202,1
REC0007561,REC0013730,0
REC0011956,REC0012480,0
REC0003165,REC0010075,0
REC0004047,REC0007021,0
REC0002197,REC0009018,0
REC0004401,REC0014959,0
REC0000981,REC0003052,0
REC0007911,REC0007913,1
REC0006010,REC0010845,0
REC0001253,REC0001254,1
REC0011212,REC0014220,0
REC0009135,REC0009137,1
REC0005280,REC0010743,0
REC0006371,REC0014622,0
REC0001976,REC0002163,0
REC0002348,REC0002349,1
REC0014592,REC0014593,1
REC0001827,REC0013186,0
REC0001650,REC0014734,0
REC0004533,REC0006664,0
REC0003976,REC0003977,1
REC0009939,REC0013604,0
REC0001252,REC0008583,0
REC0001726,REC0007381,0
REC0010410,REC0014385,0
REC0003606,REC0009092,0
REC0005711,REC0007808,0
REC0013503,REC0013504,1
REC0000614,REC0000616,1
REC0010095,REC0014211,0
REC0012040,REC0012041,1
REC0001624,REC0002682,0
REC0014501,REC0014502,1
REC0005331,REC0006402,0
REC0001549,REC0003171,0
REC0002624,REC0002625,1
REC0002246,REC0002837,0
REC0006452,REC0006453,1
REC0000266,REC0002519,0
REC0013737,REC0013738,1
REC0010901,REC0010903,1
REC0011880,REC0014296,0
REC0014847,REC0014848,1
REC0005725,REC0011732,0
REC0006656,REC0006657,1
REC0006748,REC0006749,1
REC0007971,REC0011591,0
REC0000591,REC0013529,0
REC0000285,REC0006583,0
REC0006088,REC0012436,0
REC0001693,REC0001694,1
REC0012238,REC0013634,0
REC0008280,REC0014339,0
REC0000938,REC0014145,0
REC0009904,REC0013473,0
REC0007689,REC0012166,0
REC0004723,REC0006917,0
REC0009973,REC0010868,0
REC0002146,REC0008426,0
REC0000579,REC0003485,0
REC0007483,REC0014223,0
REC0001040,REC0009521,0
REC0000947,REC0012093,0
REC0009352,REC0011200,0
REC0009586,REC0014038,0
REC0010904,REC0010905,1
REC0001379,REC0003883,0
REC0007829,REC0007830,1
REC0002268,REC0012051,0
REC0000485,REC0001201,0
REC0001505,REC0001506,1
REC0004526,REC0014665,0
REC0005844,REC0005845,1
REC0007316,REC0008598,0
REC0007453,REC0011349,0
REC0001682,REC0003163,0
REC0001476,REC0001478,1
REC0003800,REC0005984,0
REC0013591,REC0013592,1
REC0013938,REC0014133,0
REC0005776,REC0010647,0
REC0010438,REC0010439,1
REC0003597,REC0007285,0
REC0007531,REC0014742,0
REC0008930,REC0010340,0
REC0000742,REC0009905,0
REC0004431,REC0014313,0
REC0003761,REC0010949,0
REC0001153,REC0006270,0
REC0006555,REC0010423,0
REC0006760,REC0013314,0
REC0007305,REC0007306,1
REC0000315,REC0000316,1
REC0005405,REC0005406,1
REC0008504,REC0013133,0
REC0010455,REC0013704,0
REC0010531,REC0010532,1
REC0009535,REC0009536,1
REC0006751,REC0006752,1
REC0004756,REC0006772,0
REC0000757,REC0000758,1
REC0002095,REC0002096,1
REC0003249,REC0007047,0
REC0005749,REC0012390,0
REC0005730,REC0014350,0
REC0007885,REC0007887,1
REC0009807,REC0011823,0
REC0001852,REC0004122,0
REC0005263,REC0007334,0
REC0001614,REC0012083,0
REC0003728,REC0007219,0
REC0012254,REC0012255,1
REC0004314,REC0004386,0
REC0005225,REC0014206,0
REC0005797,REC0005798,1
REC0004201,REC0007975,0
REC0000421,REC0013733,0
REC0003999,REC0013048,0
REC0007271,REC0010646,0
REC0009905,REC0012457,0
REC0008965,REC0010861,0
REC0000276,REC0004248,0
REC0004196,REC0008804,0
REC0007852,REC0009936,0
REC0012969,REC0012970,1
REC0006032,REC0006033,1
REC0000844,REC0008772,0
REC0013830,REC0013831,1
REC0003148,REC0013942,0
REC0001977,REC0007000,0
REC0004495,REC0008234,0
REC0004070,REC0009120,0
REC0013660,REC0013662,1
REC0013422,REC0013423,1
REC0006288,REC0013827,0
REC0003362,REC0006552,0
REC0005322,REC0012706,0
REC0012445,REC0014117,0
REC0002779,REC0002780,1
REC0001272,REC0004379,0
REC0009308,REC0009309,1
REC0001510,REC0001511,1
REC0010517,REC0014084,0
REC0007231,REC0007232,1
REC0012163,REC0012232,0
REC0003522,REC0012489,0
REC0003236,REC0011765,0
REC0005209,REC0008325,0
REC0011871,REC0013501,0
REC0003565,REC0004270,0
REC0000377,REC0000378,1
REC0005016,REC0010814,0
REC0002658,REC0010922,0
REC0009219,REC0009220,1
REC0011488,REC0011489,1
REC0005665,REC0005666,1
REC0005865,REC0012679,0
REC0003141,REC0009297,0
REC0005676,REC0005678,1
REC0003377,REC0003740,0
REC0003305,REC0006963,0
REC0011713,REC0011714,1
REC0011624,REC0011625,1
REC0014357,REC0014358,1
REC0012511,REC0012512,1
REC0007046,REC0014899,0
REC0002653,REC0013161,0
REC0002869,REC0009737,0
REC0009479,REC0009480,1
REC0012090,REC0012091,1
REC0006036,REC0006037,1
REC0003411,REC0007727,0
REC0005160,REC0008934,0
REC0001645,REC0002091,0
REC0005569,REC0005570,1
REC0003556,REC0003557,1
REC0006899,REC0006900,1
REC0003989,REC0010791,0
REC0011834,REC0014654,0
REC0002298,REC0010331,0
REC0007511,REC0008387,0
REC0003882,REC0007002,0
REC0003281,REC0010738,0
REC0002331,REC0003628,0
REC0009770,REC0013821,0
REC0004072,REC0013858,0
REC0005701,REC0005702,1
REC0005636,REC0013392,0
REC0011845,REC0011886,0
REC0010983,REC0011603,0
REC0009903,REC0009904,1
REC0001312,REC0014596,0
REC0002174,REC0010386,0
REC0004081,REC0004083,1
REC0003586,REC0003587,1
REC0004096,REC0014661,0
REC0007368,REC0011914,0
REC0008920,REC0014492,0
REC0006699,REC0010697,0
REC0001829,REC0013233,0
REC0011479,REC0011481,1
REC0005053,REC0008006,0
REC0002744,REC0004573,0
REC0004165,REC0006688,0
REC0013771,REC0013772,1
REC0004223,REC0011645,0
REC0000086,REC0010474,0
REC0001526,REC0005197,0
REC0012192,REC0013254,0
REC0014875,REC0014876,1
REC0014951,REC0014953,1
REC0000239,REC0009283,0
REC0005740,REC0012273,0
REC0001759,REC0004330,0
REC0003630,REC0003631,1
REC0002946,REC0008928,0
REC0000810,REC0007228,0
REC0000286,REC0000287,1
REC0000212,REC0013423,0
REC0000822,REC0014057,0
REC0006538,REC0006539,1
REC0000734,REC0013148,0
REC0001124,REC0010663,0
REC0005540,REC0012071,0
REC0006529,REC0013004,0
REC0007550,REC0009815,0
REC0009037,REC0013517,0
REC0000183,REC0000897,0
REC0008610,REC0009257,0
REC0006679,REC0012962,0
REC0003903,REC0012471,0
REC0003420,REC0003421,1
REC0009270,REC0009272,1
REC0011096,REC0012993,0
REC0007216,REC0011765,0
REC0004574,REC0014022,0
REC0002696,REC0003111,0
REC0012284,REC0012286,1
REC0009324,REC0009325,1
REC0006266,REC0012674,0
REC0004126,REC0004127,1
REC0011063,REC0014678,0
REC0011199,REC0011200,1
REC0007872,REC0007873,1
REC0004134,REC0009464,0
REC0012840,REC0012842,0
REC0005095,REC0012047,0
REC0010736,REC0012977,0
REC0005387,REC0008556,0
REC0004728,REC0005572,0
REC0002985,REC0002986,1
REC0001047,REC0012313,0
REC0013107,REC0013436,0
REC0004189,REC0004190,1
REC0012119,REC0013933,0
REC0012264,REC0012265,1
REC0012382,REC0012482,0
REC0002825,REC0004874,0
REC0000342,REC0012461,0
REC0003844,REC0006882,0
REC0000473,REC0011747,0
REC0007907,REC0008580,0
REC0008918,REC0008920,1
REC0005275,REC0005276,1
REC0007573,REC0008008,0
REC0013044,REC0013642,0
REC0009789,REC0013983,0
REC0003191,REC0011515,0
REC0003538,REC0014262,0
REC0000092,REC0008769,0
REC0004773,REC0006756,0
REC0006131,REC0014724,0
REC0003500,REC0005718,0
REC0007243,REC0007244,1
REC0002304,REC0002305,1
REC0003159,REC0009389,0
REC0001262,REC0010929,0
REC0000447,REC0014873,0
REC0000407,REC0002096,0
REC0011959,REC0012456,0
REC0003726,REC0010929,0
REC0001452,REC0011162,0
REC0012233,REC0012234,1
REC0007388,REC0014830,0
REC0008472,REC0008809,0
REC0013660,REC0014496,0
REC0004214,REC0011300,0
REC0008287,REC0008288,1
REC0002888,REC0006334,0
REC0013003,REC0013004,1
REC0013663,REC0013664,1
REC0007332,REC0007333,1
REC0001382,REC0001951,0
REC0005211,REC0014089,0
REC0001755,REC0014519,0
REC0008041,REC0008042,1
REC0001533,REC0002156,0
REC0001844,REC0009284,0
REC0005862,REC0014945,0
REC0000358,REC0013869,0
REC0003277,REC0014067,0
REC0005245,REC0006824,0
REC0000393,REC0012848,0
REC0009935,REC0011518,0
REC0000594,REC0000595,1
REC0008175,REC0010987,0
REC0006602,REC0008553,0
REC0010081,REC0014427,0
REC0011248,REC0014419,0
REC0006356,REC0012982,0
REC0003596,REC0003597,1
REC0003232,REC0009395,0
REC0004282,REC0004283,1
REC0004923,REC0010534,0
REC0010966,REC0010967,1
REC0010906,REC0014724,0
REC0001516,REC0001517,1
REC0003575,REC0003576,1
REC0000976,REC0006913,0
REC0006086,REC0011026,0
REC0009521,REC0009523,1
REC0003498,REC0003499,1
REC0009380,REC0009590,0
REC0012071,REC0012072,1
REC0000462,REC0000463,1
REC0007653,REC0010071,0
REC0003113,REC0004942,0
REC0013089,REC0013091,1
REC0010683,REC0010684,1
REC0002482,REC0012690,0
REC0014523,REC0014525,1
REC0002258,REC0010883,0
REC0002388,REC0011300,0
REC0000288,REC0012908,0
REC0008448,REC0010411,0
REC0002884,REC0004448,0
REC0008358,REC0008359,1
REC0009075,REC0009418,0
REC0011941,REC0011942,1
REC0010106,REC0010107,1
REC0000707,REC0012940,0
REC0010501,REC0010502,1
REC0004122,REC0004123,1
REC0004861,REC0004862,1
REC0009943,REC0009944,1
REC0001819,REC0001820,1
REC0003987,REC0003988,1
REC0004260,REC0007224,0
REC0000591,REC0011662,0
REC0003372,REC0011762,0
REC0001926,REC0011084,0
REC0001670,REC0004789,0
REC0010998,REC0012959,0
REC0005160,REC0013888,0
REC0005260,REC0005261,1
REC0003799,REC0004305,0
REC0005592,REC0011926,0
REC0008822,REC0008823,1
REC0006956,REC0010189,0
REC0010261,REC0014599,0
REC0008951,REC0008952,1
REC0003217,REC0004822,0
REC0005433,REC0005434,1
REC0009857,REC0009858,1
REC0012259,REC0012260,1
REC0009843,REC0009844,1
REC0000080,REC0008992,0
REC0001242,REC0010949,0
REC0011580,REC0014592,0
REC0008443,REC0014605,0
REC0008900,REC0011851,0
REC0009463,REC0012413,0
REC0009603,REC0009604,1
REC0004605,REC0004606,1
REC0002583,REC0002584,1
REC0006875,REC0010433,0
REC0005749,REC0013151,0
REC0000383,REC0000384,1
REC0003685,REC0006706,0
REC0013102,REC0013103,1
REC0000778,REC0007354,0
REC0000926,REC0006914,0
REC0009657,REC0010161,0
REC0008327,REC0009359,0
REC0012156,REC0014277,0
REC0002617,REC0002968,0
REC0004278,REC0005409,0
REC0010698,REC0012384,0
REC0008081,REC0012460,0
REC0011562,REC0011564,1
REC0008018,REC0011636,0
REC0011868,REC0011869,1
REC0007899,REC0011829,0
REC0005290,REC0009121,0
REC0006998,REC0013116,0
REC0008542,REC0008544,1
REC0001102,REC0001103,1
REC0007143,REC0007144,1
REC0005080,REC0006318,0
REC0008179,REC0011962,0
REC0008940,REC0008941,1
REC0012782,REC0012783,1
REC0000274,REC0010137,0
REC0005847,REC0005848,1
REC0007890,REC0011109,0
REC0007216,REC0007217,1
REC0008568,REC0009083,0
REC0009263,REC0009264,1
REC0000086,REC0010626,0
REC0009989,REC0009990,1
REC0006031,REC0009295,0
REC0001218,REC0001219,1
REC0007254,REC0009682,0
REC0008738,REC0009464,0
REC0004276,REC0012289,0
REC0009081,REC0009082,1
REC0003119,REC0003755,0
REC0001580,REC0004839,0
REC0008581,REC0008582,1
REC0008192,REC0008193,1
REC0001597,REC0005076,0
REC0000892,REC0013449,0
REC0009716,REC0014423,0
REC0001455,REC0008513,0
REC0001053,REC0001055,1
REC0001943,REC0007488,0
REC0008502,REC0013660,0
REC0009738,REC0014749,0
REC0003684,REC0003685,1
REC0003528,REC0009089,0
REC0007326,REC0012046,0
REC0011538,REC0011539,1
REC0000565,REC0000566,1
REC0002810,REC0002909,0
REC0001901,REC0011466,0
REC0011393,REC0014636,0
REC0000116,REC0007659,0
REC0005089,REC0013596,0
REC0000030,REC0000031,1
REC0009226,REC0012621,0
REC0004758,REC0011716,0
REC0003701,REC0007363,0
REC0004586,REC0004587,1
REC0011687,REC0011688,1
REC0009954,REC0011407,0
REC0005874,REC0009309,0
REC0008412,REC0012868,0
REC0001694,REC0010269,0
REC0003283,REC0004162,0
REC0011663,REC0012880,0
REC0007155,REC0007156,1
REC0007741,REC0007742,1
REC0001630,REC0015014,0
REC0009214,REC0010184,0
REC0002456,REC0005655,0
REC0007885,REC0007886,1
REC0003109,REC0011037,0
REC0012361,REC0012362,1
REC0011141,REC0011142,1
REC0010963,REC0013500,0
REC0001258,REC0008794,0
REC0000433,REC0007541,0
REC0004603,REC0013802,0
REC0010777,REC0013898,0
REC0001074,REC0001076,1
REC0003879,REC0009383,0
REC0000623,REC0004856,0
REC0002732,REC0008951,0
REC0006241,REC0014311,0
REC0005054,REC0014530,0
REC0001521,REC0002663,0
REC0000591,REC0000592,1
REC0002976,REC0009714,0
REC0001086,REC0005812,0
REC0005639,REC0005640,1
REC0008861,REC0008862,1
REC0000583,REC0006408,0
REC0000461,REC0006616,0
REC0007232,REC0013935,0
REC0001109,REC0009854,0
REC0013878,REC0013879,1
REC0004176,REC0008442,0
REC0008526,REC0014125,0
REC0010273,REC0011892,0
REC0001578,REC0011515,0
REC0001652,REC0014194,0
REC0004903,REC0014535,0
REC0008198,REC0012302,0
REC0008013,REC0014489,0
REC0008683,REC0008959,0
REC0012641,REC0012642,1
REC0003963,REC0003964,1
REC0007337,REC0007338,1
REC0010938,REC0011839,0
REC0004696,REC0010998,0
REC0001379,REC0013607,0
REC0008696,REC0009447,0
REC0001584,REC0001585,1
REC0009549,REC0009550,1
REC0002101,REC0012766,0
REC0008718,REC0013161,0
REC0000298,REC0000299,1
REC0002738,REC0002739,1
REC0001378,REC0001379,1
REC0005416,REC0009685,0
REC0005566,REC0005567,1
REC0002438,REC0012026,0
REC0009214,REC0014594,0
REC0011636,REC0013864,0
REC0013020,REC0013022,1
REC0002973,REC0005080,0
REC0004832,REC0005922,0
REC0000744,REC0000797,0
REC0003492,REC0005994,0
REC0004079,REC0005017,0
REC0011690,REC0011691,1
REC0010790,REC0010791,1
REC0002250,REC0002251,1
REC0005123,REC0009975,0
REC0006288,REC0012113,0
REC0000311,REC0004428,0
REC0007200,REC0012231,0
REC0002920,REC0013721,0
REC0010907,REC0014352,0
REC0001771,REC0013707,0
REC0008144,REC0009162,0
REC0006680,REC0007767,0
REC0008228,REC0012165,0
REC0002912,REC0002914,1
REC0004726,REC0013374,0
REC0002885,REC0002886,1
REC0014714,REC0014715,1
REC0008448,REC0008449,1
REC0008184,REC0008362,0
REC0011610,REC0013227,0
REC0000109,REC0009816,0
REC0003651,REC0007461,0
REC0009876,REC0014432,0
REC0003729,REC0006088,0
REC0007800,REC0014172,0
REC0004110,REC0011570,0
REC0003359,REC0003360,1
REC0012240,REC0014183,0
REC0008533,REC0008534,1
REC0002043,REC0008056,0
REC0001957,REC0004301,0
REC0007885,REC0010602,0
REC0006079,REC0008058,0
REC0002142,REC0014209,0
REC0003604,REC0009522,0
REC0002947,REC0014595,0
REC0008089,REC0010423,0
REC0012804,REC0012805,1
REC0001707,REC0005871,0
REC0007589,REC0010775,0
REC0002014,REC0011311,0
REC0000647,REC0000648,1
REC0007111,REC0012991,0
REC0000072,REC0004723,0
REC0009765,REC0009767,1
REC0003993,REC0006913,0
REC0014316,REC0014317,1
REC0007421,REC0011978,0
REC0008279,REC0014424,0
REC0001556,REC0006210,0
REC0009428,REC0009943,0
REC0011182,REC0014957,0
REC0005792,REC0005793,1
REC0012276,REC0013728,0
REC0009205,REC0012845,0
REC0006830,REC0011734,0
REC0000469,REC0003437,0
REC0004822,REC0009279,0
REC0011314,REC0014348,0
REC0006594,REC0014143,0
REC0000962,REC0006047,0
REC0003195,REC0004074,0
REC0005459,REC0005460,1
REC0002220,REC0014817,0
REC0012738,REC0012739,1
REC0000027,REC0008080,0
REC0002376,REC0006849,0
REC0001984,REC0002487,0
REC0003390,REC0004961,0
REC0005928,REC0013731,0
REC0000584,REC0005318,0
REC0004676,REC0004677,1
REC0005968,REC0009902,0
REC0003435,REC0003436,1
REC0001611,REC0007065,0
REC0001181,REC0001183,1
REC0005860,REC0009828,0
REC0004361,REC0008217,0
REC0005635,REC0014513,0
REC0000893,REC0009098,0
REC0010748,REC0011110,0
REC0007055,REC0010703,0
REC0003140,REC0003141,1
REC0000904,REC0007939,0
REC0009194,REC0009195,1
REC0001074,REC0005736,0
REC0004252,REC0012720,0
REC0000328,REC0012059,0
REC0012551,REC0012857,0
REC0011483,REC0013009,0
REC0004176,REC0012554,0
REC0000578,REC0004217,0
REC0001299,REC0006448,0
REC0006428,REC0006429,1
REC0001545,REC0014545,0
REC0008970,REC0008971,1
REC0007423,REC0012608,0
REC0001760,REC0001761,1
REC0001665,REC0001666,1
REC0004641,REC0011925,0
REC0005528,REC0014040,0
REC0007286,REC0007287,1
REC0009423,REC0013368,0
REC0000817,REC0007296,0
REC0004039,REC0010921,0
REC0003319,REC0006155,0
REC0003633,REC0004416,0
REC0003388,REC0012346,0
REC0002210,REC0006630,0
REC0013541,REC0014861,0
REC0009861,REC0009862,1
REC0004396,REC0004397,1
REC0006798,REC0012027,0
REC0008411,REC0013917,0
REC0001476,REC0014652,0
REC0002707,REC0009955,0
REC0012996,REC0012997,1
REC0000056,REC0000057,1
REC0008223,REC0008224,1
REC0004897,REC0008747,0
REC0001195,REC0001196,1
REC0004001,REC0011456,0
REC0002825,REC0010954,0
REC0014994,REC0014995,1
REC0010892,REC0011007,0
REC0007033,REC0007035,1
REC0003997,REC0003998,1
REC0012566,REC0012567,1
REC0007819,REC0009784,0
REC0004325,REC0012450,0
REC0006055,REC0006692,0
REC0006324,REC0013098,0
REC0010246,REC0013185,0
REC0003020,REC0013789,0
REC0010584,REC0012688,0
REC0013027,REC0013906,0
REC0002738,REC0009432,0
REC0002321,REC0002322,1
REC0002034,REC0009518,0
REC0012387,REC0012389,1
REC0003617,REC0010113,0
REC0004389,REC0012172,0
REC0008113,REC0010956,0
REC0007983,REC0014137,0
REC0002898,REC0002899,1
REC0003196,REC0011635,0
REC0007025,REC0012512,0
REC0005558,REC0013972,0
REC0005891,REC0005892,1
REC0011339,REC0014156,0
REC0004904,REC0005821,0
REC0004422,REC0004453,0
REC0012211,REC0012212,1
REC0000400,REC0001919,0
REC0000850,REC0003183,0
REC0003002,REC0008926,0
REC0001252,REC0010403,0
REC0009199,REC0012930,0
REC0002280,REC0005406,0
REC0005465,REC0005466,1
REC0006281,REC0008850,0
REC0008971,REC0014759,0
REC0003655,REC0014748,0
REC0009872,REC0014573,0
REC0008286,REC0008287,1
REC0006421,REC0007565,0
REC0000036,REC0008101,0
REC0009474,REC0009475,1
REC0000634,REC0000635,1
REC0004743,REC0008496,0
REC0004011,REC0004012,1
REC0003591,REC0003592,1
REC0005818,REC0007162,0
REC0006776,REC0006778,1
REC0005310,REC0005311,1
REC0002202,REC0002203,1
REC0012022,REC0012167,0
REC0013843,REC0013845,1
REC0000027,REC0008464,0
REC0004430,REC0012160,0
REC0000864,REC0003705,0
REC0006034,REC0012659,0
REC0003159,REC0009394,0
REC0002749,REC0012676,0
REC0004122,REC0012795,0
REC0004228,REC0004459,0
REC0008804,REC0010111,0
REC0007051,REC0010811,0
REC0012232,REC0014657,0
REC0004258,REC0013564,0
REC0013261,REC0013262,1
REC0002513,REC0009949,0
REC0008131,REC0008132,1
REC0000870,REC0002320,0
REC0007601,REC0013288,0
REC0014167,REC0014168,1
REC0012293,REC0013318,0
REC0005762,REC0005763,1
REC0013268,REC0013339,0
REC0008143,REC0012214,0
REC0003167,REC0009728,0
REC0004825,REC0012262,0
REC0003110,REC0003474,0
REC0002764,REC0004131,0
REC0006738,REC0009718,0
REC0006824,REC0006825,1
REC0008966,REC0012560,0
REC0012099,REC0012100,1
REC0003288,REC0007396,0
REC0006346,REC0008893,0
REC0005194,REC0005195,1
REC0001531,REC0003455,0
REC0006830,REC0006831,1
REC0001227,REC0014460,0
REC0011480,REC0011481,1
REC0004127,REC0004128,1
REC0012859,REC0013853,0
REC0004073,REC0012232,0
REC0000074,REC0010236,0
REC0006930,REC0008797,0
REC0009339,REC0010901,0
REC0007235,REC0014623,0
REC0011532,REC0011694,0
REC0013203,REC0014759,0
REC0001357,REC0014184,0
REC0003766,REC0007837,0
REC0003914,REC0006880,0
REC0006926,REC0014455,0
REC0000843,REC0010962,0
REC0002338,REC0009579,0
REC0012711,REC0013872,0
REC0009669,REC0009670,1
REC0004579,REC0004580,1
REC0005097,REC0005098,1
REC0002070,REC0013547,0
REC0013938,REC0014368,0
REC0000944,REC0003694,0
REC0002727,REC0004294,0
REC0004568,REC0008373,0
REC0005433,REC0013432,0
REC0006891,REC0014183,0
REC0006479,REC0013363,0
REC0004624,REC0005062,0
REC0004675,REC0010255,0
REC0012570,REC0012571,1
REC0003157,REC0003158,1
REC0011301,REC0011302,1
REC0005060,REC0005872,0
REC0002737,REC0009285,0
REC0006339,REC0006856,0
REC0001740,REC0014346,0
REC0001717,REC0001718,1
REC0000668,REC0007132,0
REC0002701,REC0006427,0
REC0006253,REC0010095,0
REC0005950,REC0005952,1
REC0010909,REC0013601,0
REC0006698,REC0014651,0
REC0004998,REC0012460,0
REC0003509,REC0014803,0
REC0013215,REC0013216,1
REC0003672,REC0006096,0
REC0010282,REC0013022,0
REC0004739,REC0005042,0
REC0003312,REC0004827,0
REC0004382,REC0011096,0
REC0009629,REC0009630,1
REC0011969,REC0014636,0
REC0002248,REC0003866,0
REC0006990,REC0006991,1
REC0008162,REC0012567,0
REC0004863,REC0004865,1
REC0012585,REC0012586,1
REC0013411,REC0013412,1
REC0011313,REC0011314,1
REC0003593,REC0012600,0
REC0010095,REC0011899,0
REC0006673,REC0011647,0
REC0003187,REC0003188,1
REC0004376,REC0010315,0
REC0006123,REC0013420,0
REC0001804,REC0001805,1
REC0008197,REC0012178,0
REC0007851,REC0013128,0
REC0003593,REC0003595,1
REC0014714,REC0014716,1
REC0011004,REC0011333,0
REC0001504,REC0004995,0
REC0007888,REC0007941,0
REC0001813,REC0001814,1
REC0004205,REC0007432,0
REC0002779,REC0006611,0
REC0009327,REC0009328,1
REC0007800,REC0010822,0
REC0004685,REC0010606,0
REC0002255,REC0012105,0
REC0010036,REC0012498,0
REC0004229,REC0012516,0
REC0000224,REC0013434,0
REC0004619,REC0004620,1
REC0005234,REC0005750,0
REC0004130,REC0006790,0
REC0001446,REC0013284,0
REC0005928,REC0011124,0
REC0013227,REC0013406,0
REC0012351,REC0012352,1
REC0008624,REC0014589,0
REC0009664,REC0012464,0
REC0010916,REC0010918,1
REC0001881,REC0005712,0
REC0007536,REC0007537,1
REC0003688,REC0003689,1
REC0007948,REC0011665,0
REC0001352,REC0008739,0
REC0009064,REC0010560,0
REC0007496,REC0011981,0
REC0012861,REC0012862,1
REC0002334,REC0003442,0
REC0009897,REC0010423,0
REC0001487,REC0014266,0
REC0011238,REC0011239,1
REC0001727,REC0003668,0
REC0002081,REC0012135,0
REC0012891,REC0012892,1
REC0002364,REC0013729,0
REC0002466,REC0004339,0
REC0008681,REC0014842,0
REC0008163,REC0011529,0
REC0004039,REC0004370,0
REC0011185,REC0011186,1
REC0005694,REC0008343,0
REC0009619,REC0009620,1
REC0002757,REC0013687,0
REC0009402,REC0014285,0
REC0012387,REC0012388,1
REC0000022,REC0010572,0
REC0004041,REC0005564,0
REC0007496,REC0007497,1
REC0007743,REC0014061,0
REC0014185,REC0014186,1
REC0008562,REC0011734,0
REC0004765,REC0012496,0
REC0002510,REC0002511,1
REC0003822,REC0009401,0
REC0006261,REC0011420,0
REC0003859,REC0013961,0
REC0002251,REC0006557,0
REC0002404,REC0002405,1
REC0010152,REC0014768,0
REC0002277,REC0005395,0
REC0002214,REC0002215,1
REC0004693,REC0004694,1
REC0007410,REC0007411,1
REC0003807,REC0004425,0
REC0008627,REC0008629,1
REC0000501,REC0004792,0
REC0005003,REC0005004,1
REC0012852,REC0012853,1
REC0001955,REC0009417,0
REC0007297,REC0010483,0
REC0002850,REC0013965,0
REC0000001,REC0013639,0
REC0004317,REC0013623,0
REC0003613,REC0003614,1
REC0004915,REC0009689,0
REC0006374,REC0011534,0
REC0006463,REC0008287,0
REC0002731,REC0002732,1
REC0005322,REC0006752,0
REC0004832,REC0005513,0
REC0006248,REC0010435,0
REC0007176,REC0014014,0
REC0002318,REC0003795,0
REC0002408,REC0005599,0
REC0000926,REC0003781,0
REC0000578,REC0002156,0
REC0003790,REC0003791,1
REC0003401,REC0010767,0
REC0005499,REC0010752,0
REC0004683,REC0010991,0
REC0000022,REC0000023,1
REC0013767,REC0013768,1
REC0007776,REC0011540,0
REC0014078,REC0014079,1
REC0011262,REC0011263,1
REC0006009,REC0013772,0
REC0007723,REC0010357,0
REC0000616,REC0007325,0
REC0008056,REC0010123,0
REC0000160,REC0007403,0
REC0004992,REC0004993,1
REC0002500,REC0002501,1
REC0007091,REC0011280,0
REC0001540,REC0014720,0
REC0003699,REC0003700,1
REC0007995,REC0012720,0
REC0003824,REC0006201,0
REC0002272,REC0011328,0
REC0009142,REC0012589,0
REC0003792,REC0010301,0
REC0007923,REC0010335,0
REC0006018,REC0006638,0
REC0004598,REC0013632,0
REC0010678,REC0010679,1
REC0002740,REC0007796,0
REC0004997,REC0010019,0
REC0013355,REC0013356,1
REC0006296,REC0012509,0
REC0005833,REC0008784,0
REC0007555,REC0013858,0
REC0008232,REC0008233,1
REC0006798,REC0009159,0
REC0002308,REC0002309,1
REC0012672,REC0012673,1
REC0003227,REC0012148,0
REC0000168,REC0009313,0
REC0003135,REC0014679,0
REC0002402,REC0011350,0
REC0011762,REC0013112,0
REC0002402,REC0006767,0
REC0003459,REC0003460,1
REC0006157,REC0006158,1
REC0000763,REC0000764,1
REC0011299,REC0014985,0
REC0013608,REC0013609,1
REC0007525,REC0007526,1
REC0007233,REC0010859,0
REC0010116,REC0011736,0
REC0004331,REC0014518,0
REC0012327,REC0012328,1
REC0008472,REC0008473,1
REC0000685,REC0007094,0
REC0002453,REC0002454,1
REC0001294,REC0005977,0
REC0003058,REC0013321,0
REC0008149,REC0008150,1
REC0013298,REC0014926,0
REC0013496,REC0014098,0
REC0003635,REC0005619,0
REC0003113,REC0006182,0
REC0005482,REC0012997,0
REC0013458,REC0013459,1
REC0004258,REC0004259,1
REC0000912,REC0000913,1
REC0000483,REC0009882,0
REC0000060,REC0005796,0
REC0003029,REC0003030,1
REC0005920,REC0009476,0
REC0002598,REC0002599,1
REC0001372,REC0001373,1
REC0004003,REC0009575,0
REC0005768,REC0009457,0
REC0004562,REC0004563,1
REC0002086,REC0011895,0
REC0004645,REC0004646,1
REC0009949,REC0009950,1
REC0004185,REC0004631,0
REC0000315,REC0014190,0
REC0008522,REC0012004,0
REC0006298,REC0006347,0
REC0006768,REC0013092,0
REC0003627,REC0010215,0
REC0011412,REC0014313,0
REC0001201,REC0001614,0
REC0008321,REC0009246,0
REC0003860,REC0009441,0
REC0003205,REC0008666,0
REC0001893,REC0014530,0
REC0001054,REC0001055,1
REC0007244,REC0009350,0
REC0002491,REC0006366,0
REC0000895,REC0013168,0
REC0001591,REC0013733,0
REC0007577,REC0007578,1
REC0006611,REC0007781,0
REC0004505,REC0004507,1
REC0002652,REC0005072,0
REC0006709,REC0011964,0
REC0001717,REC0009034,0
REC0004013,REC0008258,0
REC0007808,REC0010519,0
REC0000718,REC0002070,0
REC0005314,REC0005316,1
REC0000417,REC0005034,0
REC0000588,REC0005925,0
REC0003665,REC0013474,0
REC0004187,REC0011661,0
REC0005265,REC0005985,0
REC0010940,REC0013233,0
REC0003962,REC0006713,0
REC0002564,REC0005161,0
REC0004143,REC0004144,1
REC0012983,REC0012984,1
REC0006460,REC0008723,0
REC0006859,REC0008148,0
REC0013394,REC0013395,1
REC0009914,REC0009915,1
REC0000479,REC0000481,1
REC0000806,REC0013372,0
REC0011559,REC0011561,1
REC0011237,REC0013782,0
REC0001942,REC0011323,0
REC0003082,REC0010590,0
REC0013079,REC0014896,0
REC0007348,REC0007349,1
REC0010508,REC0013859,0
REC0005004,REC0006773,0
REC0004422,REC0009795,0
REC0005012,REC0005013,1
REC0010149,REC0010150,1
REC0014279,REC0014281,1
REC0002677,REC0007644,0
REC0004262,REC0013103,0
REC0014031,REC0014032,1
REC0010341,REC0011999,0
REC0011768,REC0012531,0
REC0009199,REC0009200,1
REC0004662,REC0007200,0
REC0001736,REC0009582,0
REC0004843,REC0014137,0
REC0001232,REC0001233,1
REC0006091,REC0013555,0
REC0001045,REC0005837,0
REC0001605,REC0004669,0
REC0005329,REC0009841,0
REC0009523,REC0014990,0
REC0008094,REC0008095,1
REC0005030,REC0011709,0
REC0010768,REC0010769,1
REC0008807,REC0009324,0
REC0001834,REC0002753,0
REC0008738,REC0008739,1
REC0013464,REC0013465,1
REC0002760,REC0011842,0
REC0008233,REC0008234,1
REC0007745,REC0007746,1
REC0013191,REC0013192,1
REC0006198,REC0007191,0
REC0008899,REC0008901,1
REC0009314,REC0011598,0
REC0006038,REC0011612,0
REC0002726,REC0013736,0
REC0012706,REC0012707,1
REC0002868,REC0002869,1
REC0011370,REC0011371,1
REC0003211,REC0005946,0
REC0000187,REC0010380,0
REC0004530,REC0008894,0
REC0000932,REC0014883,0
REC0008627,REC0008628,1
REC0000766,REC0001715,0
REC0000944,REC0000946,1
REC0002609,REC0009758,0
REC0013296,REC0013297,1
REC0000862,REC0012040,0
REC0010463,REC0010464,1
REC0001489,REC0008777,0
REC0002414,REC0011226,0
REC0003506,REC0008240,0
REC0000953,REC0000954,1
REC0003322,REC0008957,0
REC0004968,REC0006393,0
REC0010108,REC0014706,0
REC0001609,REC0009837,0
REC0007639,REC0007641,1
REC0001902,REC0006508,0
REC0001220,REC0002827,0
REC0008336,REC0014357,0
REC0006211,REC0009279,0
REC0000626,REC0014448,0
REC0002642,REC0014963,0
REC0003706,REC0003707,1
REC0008587,REC0011804,0
REC0003028,REC0003030,1
REC0003058,REC0009058,0
REC0007302,REC0007303,1
REC0003534,REC0004681,0
REC0012830,REC0014457,0
REC0000455,REC0007947,0
REC0005623,REC0005624,1
REC0007044,REC0011943,0
REC0008286,REC0008288,1
REC0001709,REC0008181,0
REC0000700,REC0009749,0
REC0014909,REC0014910,1
REC0006628,REC0006629,1
REC0000582,REC0005495,0
REC0008958,REC0008959,1
REC0002882,REC0002883,1
REC0008131,REC0012922,0
REC0001005,REC0014651,0
REC0011541,REC0014066,0
REC0002146,REC0003415,0
REC0006500,REC0006816,0
REC0004110,REC0007611,0
REC0000463,REC0007221,0
REC0001192,REC0008184,0
REC0003585,REC0012812,0
REC0005681,REC0005682,1
REC0000044,REC0002813,0
REC0006116,REC0006158,0
REC0006609,REC0012619,0
REC0007406,REC0007407,1
REC0008888,REC0012036,0
REC0005309,REC0013473,0
REC0013182,REC0014076,0
REC0012183,REC0012184,1
REC0005665,REC0011218,0
REC0001329,REC0012527,0
REC0014233,REC0014234,1
REC0002382,REC0010432,0
REC0004560,REC0004561,1
REC0000743,REC0010124,0
REC0014598,REC0014599,1
REC0007491,REC0007492,1
REC0001214,REC0014035,0
REC0002235,REC0007608,0
REC0003597,REC0010662,0
REC0007860,REC0007862,1
REC0008512,REC0010575,0
REC0001169,REC0004722,0
REC0013256,REC0014774,0
REC0007562,REC0013409,0
REC0012607,REC0012608,1
REC0003733,REC0003734,1
REC0005584,REC0012716,0
REC0006553,REC0006554,1
REC0009591,REC0013730,0
REC0001813,REC0014131,0
REC0001164,REC0013807,0
REC0002677,REC0014540,0
REC0000972,REC0000973,1
REC0000072,REC0011082,0
REC0006937,REC0012306,0
REC0001832,REC0003843,0
REC0009002,REC0014134,0
REC0002189,REC0002190,1
REC0008891,REC0011149,0
REC0004459,REC0004460,1
REC0002570,REC0011271,0
REC0006772,REC0010092,0
REC0002125,REC0005471,0
REC0001592,REC0013025,0
REC0004524,REC0014304,0
REC0012320,REC0012321,1
REC0003115,REC0012891,0
REC0011043,REC0011044,1
REC0006929,REC0012944,0
REC0013993,REC0013994,1
REC0012092,REC0014492,0
REC0003898,REC0005146,0
REC0013969,REC0013970,1
REC0008806,REC0009282,0
REC0000277,REC0010317,0
REC0010733,REC0012113,0
REC0001699,REC0001700,1
REC0000533,REC0000964,0
REC0002361,REC0002715,0
REC0003911,REC0006061,0
REC0006267,REC0012303,0
REC0012191,REC0012192,1
REC0009098,REC0009099,1
REC0009688,REC0013661,0
REC0011589,REC0011590,1
REC0000738,REC0014974,0
REC0000329,REC0000330,1
REC0009265,REC0009267,1
REC0001967,REC0009098,0
REC0006165,REC0014845,0
REC0004990,REC0013285,0
REC0006439,REC0009122,0
REC0004730,REC0006231,0
REC0010445,REC0012029,0
REC0004229,REC0006081,0
REC0005139,REC0014435,0
REC0003796,REC0003797,1
REC0008474,REC0011755,0
REC0004823,REC0014826,0
REC0001391,REC0009872,0
REC0005160,REC0013516,0
REC0012390,REC0013650,0
REC0004990,REC0011784,0
REC0004400,REC0004401,1
REC0003432,REC0009125,0
REC0010570,REC0012841,0
REC0004343,REC0004344,1
REC0013307,REC0013789,0
REC0000791,REC0000792,1
REC0000885,REC0014257,0
REC0009785,REC0010509,0
REC0000207,REC0001781,0
REC0004364,REC0005670,0
REC0007892,REC0008691,0
REC0004431,REC0004432,1
REC0013844,REC0013845,1
REC0000517,REC0003049,0
REC0001179,REC0013240,0
REC0007043,REC0007044,1
REC0014202,REC0014203,1
REC0002239,REC0011619,0
REC0003449,REC0003450,1
REC0002250,REC0012309,0
REC0007386,REC0013257,0
REC0002990,REC0009369,0
REC0004335,REC0006663,0
REC0002014,REC0014918,0
REC0009614,REC0009840,0
REC0011778,REC0011779,1
REC0007062,REC0008403,0
REC0003399,REC0007384,0
REC0000394,REC0011479,0
REC0003134,REC0008573,0
REC0003256,REC0004971,0
REC0010090,REC0010314,0
REC0003077,REC0009349,0
REC0006772,REC0006774,1
REC0005526,REC0005527,1
REC0003539,REC0014533,0
REC0008477,REC0008478,1
REC0006231,REC0010928,0
REC0013593,REC0013594,1
REC0012344,REC0012345,1
REC0000907,REC0000908,1
REC0005013,REC0009136,0
REC0012395,REC0012396,1
REC0009189,REC0009190,1
REC0006023,REC0014174,0
REC0011560,REC0011561,1
REC0010669,REC0011040,0
REC0003728,REC0004151,0
REC0003315,REC0004491,0
REC0006505,REC0008031,0
REC0002065,REC0008872,0
REC0005162,REC0005163,1
REC0001259,REC0001685,0
REC0006284,REC0008484,0
REC0002523,REC0012741,0
REC0010931,REC0010932,1
REC0001816,REC0012469,0
REC0003431,REC0003432,1
REC0007522,REC0007523,1
REC0003004,REC0014557,0
REC0000860,REC0008611,0
REC0002229,REC0011432,0
REC0002003,REC0002004,1
REC0001618,REC0007312,0
REC0011482,REC0012851,0
REC0006567,REC0007736,0
REC0006368,REC0006693,0
REC0003717,REC0003718,1
REC0007604,REC0014940,0
